Af,Eaf,Ar,Ear,sigma
47.77623797652465,58467.16807487157,1763170.5748964,112095.01128979369,5.079082358363009
49.416263931872315,58088.62542527374,2453197.5169653073,113410.66370338656,5.751724738102089
39.89119717675483,58444.43383624951,510393.3357956051,104965.0122488675,5.703739368061296
43.70748082581464,58665.05317626829,1132011.7931774175,109911.52840352459,5.314246562640701
53.086856446181606,59218.66495045015,1942536.207095964,112669.0461521311,5.477546695277138
45.51885354575957,58230.21482471093,1896368.059750269,112496.39157299095,5.649574008833096
31.63256603966196,56575.0571433715,647744.3814235039,106297.27340407032,5.418036651966995
47.098737473683855,59262.13345159665,1230924.7574725987,110607.48969528596,4.848157804086682
41.25420002660043,57807.04107322165,1195121.316022219,109903.57401939757,5.124798776416044
21.979309537095418,54489.83248667617,473082.47073067783,104731.38977444633,4.462436770603564
21.979309537095418,54489.83248667617,473082.47073067783,104731.38977444633,4.462436770603564
28.8468428475175,55581.45710084633,738671.7567449396,106659.79735797629,4.444699696463747
24.069521460940244,54555.188867570556,435544.8452079699,103232.25381422894,5.238263994757761
45.413625017289455,57972.37148796391,1982425.681024037,112567.60416970619,6.240073993656326
21.995792003646148,54224.30992189012,524671.8244260096,105041.24709130923,5.579068445876809
38.3929063177389,58246.23257595347,680307.5326309369,107132.48896791105,5.611060431437572
41.142830945701455,58279.21561629804,813776.1764230224,107725.44376429706,5.07363339910142
26.968042320930422,56248.70811757269,568078.0866180307,106341.06592532159,5.235865692986985
41.97817266449541,58237.92405110261,1170073.8096108371,109904.04089249938,5.242134500822148
32.779192452873865,56903.739557669825,646551.8557671799,106460.10124888577,5.052152452260219
33.936541496007564,56725.07925828291,1089957.9013000105,109240.40808870959,5.960650857245348
36.55853431845787,57447.42348870261,954291.594313845,108781.78826081302,5.575888776376099
47.370288722565775,58490.76558375252,1426436.5025022633,110544.37307238672,5.625526256490738
42.68494127160853,58433.3334356607,1120928.015237165,109659.56550887856,5.9005654844475925
34.40073002906346,57446.33384591303,784970.6334162711,107822.70231479252,5.356282698633495
32.26463125006991,56726.306420416564,674093.0304273872,106514.28400137376,5.8059506057439325
27.78869176390132,55968.83412920023,595349.4543017566,106154.61215430123,5.859377079222918
27.863994925573486,55654.525234468776,521828.4490985028,104804.27094531314,5.965346924264543
30.533849273170926,56432.68023007015,698158.8794587196,106942.05917504006,5.08480756026049
30.80786263669053,56042.690529990876,779514.9879162352,106931.53126842018,5.0616537102512495
33.804609265693614,56557.538393283634,991233.0977919383,108502.78142362271,5.242669248685643
32.26463125006991,56726.306420416564,674093.0304273872,106514.28400137376,5.8059506057439325
30.64740811781731,56488.696680806956,656581.7249129715,106381.06775469285,5.725190249909526
30.30228750830756,56500.598287926434,606807.6773465102,106291.52051516804,5.44457963957916
24.756156354558485,55579.05637650199,442984.9256734946,104778.04559157613,5.850421407457554
31.517137349674286,56576.64007094958,803726.8040921331,107593.76806777193,5.035882973921202
33.83772671910827,57148.23767448739,993446.9669206594,109547.3519983629,5.4102727984781565
34.945864207882536,57085.056303473066,784354.9449730082,107431.98768373577,5.499041588277614
37.789018564947774,57991.174193722145,656929.4209087298,106366.19565261327,5.890915310176673
33.74581083221747,56690.59625146804,831779.4098183139,107465.51314959906,4.917035544612845
32.634789264961135,56869.31472739738,677708.1649815752,106535.38231956665,5.268069881369949
37.88773721892747,57549.89063541607,968585.906019163,108665.86051878339,5.237744200692904
45.46340677277664,58946.16169817629,1306416.1308574348,111050.05812153693,4.794352114589265
41.76820042770872,57875.04041094725,1222349.6692133215,109749.77445675508,5.472281660583532
32.302331895007214,56231.009562125466,1084111.2395773614,109196.87883639429,5.253154481749063
32.302331895007214,56231.009562125466,1084111.2395773614,109196.87883639429,5.253154481749063
27.579375150192934,56200.912508264955,503749.46210126654,105358.75176819945,5.68240849108683
25.649100805968207,55454.56065551361,455968.7325615114,104201.45837827984,5.977101770089047
28.45546460845392,55947.167424929256,652446.8452483488,106615.6642094862,5.638693528538001
31.0349867095943,56575.762501227364,453567.6188642735,103942.57551979365,6.130382634506333
22.72770938681147,55523.52805655606,356989.55840766116,103847.32470776579,6.068662164805709
22.72770938681147,55523.52805655606,356989.55840766116,103847.32470776579,6.068662164805709
31.74586220543319,56912.7918548846,592342.5346287595,106097.89760425824,5.85364548864631
32.2036900599388,56846.64144401326,688371.33337667,107022.81055458944,5.568724603605764
23.626878584307665,55456.84158022424,380066.40934613004,104000.44312050374,6.260848568428106
22.892059810336313,54865.52133219213,436520.62413758424,104162.07236204854,5.898172745981312
31.09539678386862,56709.315345782445,524125.98621854617,104958.31699328864,5.9645378155435065
27.884276346138563,55998.04845131152,555352.7741822004,105627.3603254977,6.305158307390796
22.46247269051828,55587.14573741648,327558.4373154249,103343.87490275291,6.121789309746517
26.124103329352508,55854.7587799005,409151.0265049306,103659.60311580508,6.3878151916373636
31.787227328936392,56498.65592891447,503490.1415723723,104515.70025290367,6.125490944508257
29.651031689912372,56119.16081910975,849021.782244683,108109.03612237892,5.893773218966241
37.004849065231895,57300.18385581631,1008972.728092029,108736.17612651414,5.71507700064153
32.256405271825784,56884.70967056807,578745.1932477808,105501.5605514548,5.322850745657478
31.86544262012745,56588.506306773226,548749.3803518952,105062.93842579058,5.770614060727639
34.27322462665343,57411.93773806478,674953.2322670049,106936.26639784532,5.774451911589349
27.848225741355915,55853.97776850291,493085.5514467114,104669.72526861163,5.241900045535405
27.848225741355915,55853.97776850291,493085.5514467114,104669.72526861163,5.241900045535405
39.16186205729848,57992.80421701154,849233.8685543964,108069.97096484406,5.161148217544715
32.86169188059276,56584.77915851888,709740.2544748535,106540.55301175479,5.580788694246079
24.334047606800564,55864.06322668594,337948.72974409605,103027.89603685703,6.263046378674443
44.00183116670796,58768.1879873769,1005463.5375116586,109226.6229075492,5.070656905422714
25.462359657483006,55858.395281800964,394185.73060516047,103904.61473434567,6.090017003458985
26.49502993718023,55803.5012593833,469387.9334877853,104557.3363408772,6.09537005509161
26.176341014425155,55636.6948255919,425009.631066639,103760.1627097443,6.394163276695142
31.197119999908665,56533.751816313605,521445.5730023832,104550.30876065807,5.849378523730577
27.64928331120669,56036.69692221971,474790.3620398065,104669.09851725677,6.138403297747345
29.15482935473977,56599.97469405979,391291.62800982496,103286.43729634325,6.145275219617594
28.379538030388595,56304.5909143809,430692.101961852,104201.33713973132,6.326013956003429
24.958616265446306,55679.08172778401,453933.98874161125,104781.75912326986,5.72780930110777
30.30172749483505,56492.73959867056,491189.81522720633,104459.591079979,6.088044493785379
28.672611526945495,55816.15898966594,587367.6545301911,105421.90035651118,5.102481026025731
29.153079398332697,56063.784626207074,557369.8829027738,105311.35659453085,4.980983324482415
36.057815923138065,57145.97331813372,982849.4815158604,108663.06107931153,5.201306741001552
29.649496796195443,56454.16225635581,430452.463235958,103817.135482373,6.301456157208149
38.919551105874994,58384.73248596645,511500.5932745938,105190.95050063253,5.822537838312574
33.01494248820709,56885.33719441857,686626.6563598879,106621.0478750631,5.568522784095172
31.464333339563545,56830.533508671644,497151.5909879387,105008.70131286212,5.71845625591105
25.88107749301203,55968.90179364301,354090.6220270571,103165.38563386461,6.252551946475388
27.318450246523312,55968.198784978085,452484.66771831847,104338.94643147461,6.049173518245309
23.02054000984852,55344.36696389493,378893.2686861554,103948.89587616251,5.876825978505353
22.327605113275865,55307.46738107281,381489.4409023107,104061.10610709236,5.662295689146056
25.686300333120847,55732.766818065116,444174.81495714636,104381.38411602276,5.3296869350882625
33.629660255962904,57139.95823644244,670243.6319861262,106583.83482711815,4.808797421242592
37.47782831045947,57550.29531601303,771399.1196215426,107355.89892962987,4.700866158755216
27.607020719548878,55884.23308918801,490156.92721914593,104618.6363769949,5.091975032290954
26.545489567876018,55783.716792865904,454332.9485120091,104330.7104528465,5.2531481219228695
20.146772316653994,54813.64181686779,309825.001487307,102823.15105898508,6.060976481456086
24.89671099914935,55505.40335611201,406747.7181142819,103722.2809519579,6.061865589474566
25.136625916622336,55444.17982320499,477236.92239812954,104606.83459311447,5.845279166562403
22.386492531661748,55184.23198048199,323706.70768677193,102726.36307190717,6.439994778886175
24.035515552639374,55402.300198154924,434478.24744639895,104282.87680096278,5.881261297164251
22.090586492052367,54863.91384331718,361028.38286399964,103525.75135746712,5.704083334816695
33.399483797368234,57070.52310466126,614511.5083984043,106231.89436881484,5.542433689868378
27.560291903996426,56039.90524981848,382920.0486262002,103367.27661023918,6.457545438141591
27.59682717466529,55984.613955428365,435191.7559998015,103984.48186044289,6.055783682415816
26.124103329352508,55854.7587799005,409151.0265049306,103659.60311580508,6.3878151916373636
24.377940900877107,55558.84386262981,445912.93482250895,105058.99718405737,5.773592098901967
27.03647035284002,56119.93175863942,439511.07507795194,104190.84367137037,6.423160446381391
27.38613579736605,56024.97102872848,591571.5689508468,106153.17643499286,5.495006223670769
28.540887833953462,56128.803408686814,619175.7547728283,106350.70871063069,5.501771108284021
29.57164224750607,56240.10023100582,663252.743274573,106553.03968137404,5.790393692747655
21.849472763105396,55122.683113854735,329816.7391546994,103037.20096115996,6.146290430664671
33.26021542908599,56783.058261426566,861679.5259205685,108091.45042784582,5.499275445783699
25.151739085200923,55632.09420788636,454708.0984194288,104750.29031480751,5.472758164987503
43.40869402245164,58742.473630532826,1073749.9906299496,109738.30303163444,4.879230089951781
38.55930998989081,57622.846290683876,1039881.4700892051,109029.84716890383,4.765708402895217
26.124103329352508,55854.7587799005,409151.0265049306,103659.60311580508,6.3878151916373636
30.17004767155538,56265.863991111466,679474.622493411,106861.5245278782,5.344367734934141
36.33390912949753,57446.28271392972,739138.1944011841,107107.88552470745,5.086813869303953
26.522551387419337,55782.88497858291,447779.50629374094,103995.4200423933,6.1950616751340135
26.124103329352508,55854.7587799005,409151.0265049306,103659.60311580508,6.3878151916373636
29.52512314310732,56506.00811041488,542138.4965350585,105580.4613726906,5.983549849564579
28.53684888256339,56290.65611500141,548935.3487437549,105734.11293565539,5.917975127202907
34.248609344334874,56893.75477092155,906268.8450758689,108376.01430952147,4.982272200889143
34.71742568606791,57160.11275037666,678790.4596207626,106585.37050499684,5.129108555920041
29.38163644566535,56939.97120623341,455141.5213986066,105032.03254701819,5.739988200018411
37.95680904912053,57306.148673651194,1036093.6978517161,108877.52320767622,5.486070183315299
28.04865779672052,55739.49098810174,732653.113944712,107185.39678092806,6.185150143640051
41.17060654399144,57660.06754542734,1140765.1391942266,109232.27449365112,5.531023048716215
41.99951821688437,57906.46745713517,1247276.9114520347,110057.70963539333,4.890497193437907
28.919992232742302,56305.94138414494,405824.6826530184,103660.76249421464,6.005713331208744
31.048277288815804,56612.75813203062,601845.4678898772,106016.69239054828,5.272733532744619
40.20278475163771,57858.1127755674,986037.6083264138,108664.72452182793,5.415067590381042
31.895513262040577,56923.78396772785,676844.0198111525,106951.36610976624,4.970920986228494
26.124103329352508,55854.7587799005,409151.0265049306,103659.60311580508,6.3878151916373636
26.124103329352508,55854.7587799005,409151.0265049306,103659.60311580508,6.3878151916373636
33.26116658865579,57288.364383646134,527317.7765203802,105451.87269394482,5.811913421501899
23.863166461342033,55615.172701383985,373845.68703349296,103567.68873509848,6.33158407386779
28.699097629091803,56548.201137925906,516849.4513833238,105515.0126144686,5.387885781854872
30.089742251409383,56766.219865455445,473043.8569570236,104709.36481406985,5.6808770687312
27.608668278693344,56386.21646205313,400964.2543669005,103790.9104359509,5.994167044607809
28.797697679315487,56522.167158069125,428806.85635154083,104165.15260863715,6.017013627762068
26.217972536618845,56204.65968602449,383813.5865400986,103874.58021636597,5.948146388272912
29.882295356732474,57042.94241551134,452860.3154421492,104961.491471475,5.558811210869632
34.2929617813978,57242.168910354994,525986.2559635405,104978.06632655159,5.355865488349699
31.615430356861776,57048.845815653905,463323.6375606969,104704.74697387374,5.557494454110644
25.999613179949662,56270.74524890554,360167.2996886912,103580.5203121321,5.930217924076555
29.62500568957085,56581.16514351079,471400.3567655345,104588.9637570971,5.936549942962545
26.763627084077424,56328.87217655203,489487.3354634684,105588.2121456416,5.2648481647086705
22.74935208525139,55101.001130573015,366488.34588386095,103626.63531347753,5.567753064781064
23.8956819389375,55623.80083004458,295532.26259095414,102343.76323842618,5.882794700403474
27.608668278693344,56386.21646205313,400964.2543669005,103790.9104359509,5.994167044607809
27.608668278693344,56386.21646205313,400964.2543669005,103790.9104359509,5.994167044607809
27.608668278693344,56386.21646205313,400964.2543669005,103790.9104359509,5.994167044607809
26.315727132949398,56168.95161692226,403052.29697582097,103988.08559896504,5.8339122330223985
27.608668278693344,56386.21646205313,400964.2543669005,103790.9104359509,5.994167044607809
27.07955290771032,56263.415777250484,454007.99789688765,104564.93349572443,5.744271681846523
29.203304953731795,56705.109357470894,440714.776647712,104387.60280068587,5.855302126422218
30.69383516345012,56868.30874196355,454809.3789798294,104652.25270620779,5.788191529875857
27.490953588848438,56202.60935579592,541640.4082640558,105859.66437567273,5.5532981516684785
25.128451765167483,55612.12594261195,354486.3198647391,103098.28465616622,6.064416827467854
23.70015961520078,55371.07816282362,369093.7386605441,103386.70870803029,6.116659249568097
28.540390066767,56260.973672247594,643167.020305464,106785.2482460315,4.882629439547137
27.90887808909774,55996.38261786684,590743.7956293015,105892.63864270225,5.585132067610154
24.31900969967369,55557.94853749792,345143.24263793934,102999.68151578237,5.8707651935755525
28.424024715758975,56334.81979723258,541414.931769954,105776.72216440587,4.834459436091502
24.206449537187062,55703.34327238564,451774.403519582,104975.11032245519,5.6032460441728
25.795217335969262,55393.61360621061,519043.7357142555,105011.52514649247,5.243261166670688
25.36663591013151,55717.18223230907,415365.7578805011,103977.51648061337,5.867790243842987
25.434510293727055,55561.647607117106,416526.94365513464,103671.42677485282,5.481048398989176
23.70015961520078,55371.07816282362,369093.7386605441,103386.70870803029,6.116659249568097
21.03391814661765,54745.10668902609,368961.3949062134,103520.4400693435,5.996169723824931
21.600908888817976,54888.122740902785,332082.8258637998,102925.25236684103,5.966394323334744
21.600908888817976,54888.122740902785,332082.8258637998,102925.25236684103,5.966394323334744
27.740529405605393,56243.88042830262,423271.495007121,103958.69644253724,5.835309398329479
26.150731007143488,55697.622610701976,432510.01811194513,103865.6535572941,5.752714264232532
22.719623913102684,55016.48205192601,416168.60959356505,104354.1788423371,5.640819186647908
36.765559475750905,57072.87367756472,1114320.9777305832,109251.34504250546,5.046352324021382
28.80288352104889,55597.511931534646,803562.6873692127,107373.9238391216,4.891474281955166
23.70015961520078,55371.07816282362,369093.7386605441,103386.70870803029,6.116659249568097
23.70015961520078,55371.07816282362,369093.7386605441,103386.70870803029,6.116659249568097
26.76468674439534,56091.45743075607,400635.46759869467,103955.71904231832,6.193935947856898
24.863297669708437,55821.28934532965,378578.69994353293,103754.58214467685,6.25170370589584
32.563988867853844,56527.93961721026,761446.407487615,107166.85582899969,5.528766416388737
28.816998176835494,56261.192610848666,480598.48394805763,104619.22051511079,6.184175930938007
28.31816012101467,56091.956570172115,607174.9493112402,105999.11771344482,5.52983597686277
29.150120892929785,56618.95515804055,422021.39995695965,103981.57436103617,6.065189291175326
21.212500575192657,54890.74030196546,339137.30801175535,103254.00882089161,6.416468770787639
38.462105788319285,57494.72847440858,878284.8790922217,107811.20419321784,5.739311905786005
24.555352355370783,55628.129766643775,428548.7488143025,104455.38668944968,5.775155212720739
24.555352355370783,55628.129766643775,428548.7488143025,104455.38668944968,5.775155212720739
29.86266945949836,55879.866235898095,1073801.7453375105,109258.26916514347,5.430393375203138
20.83105438200558,54869.15592535737,311694.2573390766,102755.63966160234,6.557428796898938
26.124103329352508,55854.7587799005,409151.0265049306,103659.60311580508,6.3878151916373636
27.807335425559582,55848.16202614793,540396.1630342337,105222.11820896159,5.133901187215337
32.36068163245899,56584.03663214986,741254.1960961916,107292.01296965712,5.721637577363123
27.17671134957189,55704.466410167726,580889.8065967374,105844.29504495127,5.395149910961458
25.45467553319891,55821.591797372,410252.31355692237,103929.11595179797,6.574192918874957
24.768260719118334,55615.059969501934,385133.41861629277,103810.92003484388,6.134438777660587
26.124103329352508,55854.7587799005,409151.0265049306,103659.60311580508,6.3878151916373636
34.01022852281959,57327.65298752336,523181.35319546715,105349.0801330852,5.771626255497328
39.40995800789571,57824.40768912387,954959.6575564957,108651.51126890401,5.142035052530891
32.41378922296759,56964.3689921286,712710.7678120257,107247.1282125646,5.795773784990358
27.177940089215692,56083.9295981965,441532.1841533973,104283.89996296653,6.0692734617467075
33.17229251827358,56866.268402037684,844729.1886848777,107983.90078638344,5.39471058367265
21.341820155264102,54790.31208232351,388307.75251772016,103819.56930749986,6.138121445561677
31.90012846009025,56987.39627698145,557383.8302999194,105600.03139352147,5.590948720776407
24.225310346147317,55892.69243209522,354106.12289346335,103560.66950826492,6.389030653839368
30.508224799667893,56462.1064750018,493604.09321352,104491.56652285455,6.195037718282188
30.68646559783295,56902.43936057208,440292.49379546306,104186.4401348828,6.472908607789576
24.797134596068855,55737.84958075036,361549.2506667686,103216.86541349851,6.347339371683124
22.778939028580762,55489.67339242682,324019.0775783439,102893.76785374361,6.126799007758628
23.863723389558615,55804.86390293615,353561.4561873628,103542.2665160585,6.152333194037291
23.863723389558615,55804.86390293615,353561.4561873628,103542.2665160585,6.152333194037291
33.659730741292584,56967.13187441351,725467.316163231,107061.16359990135,5.070657720821454
28.52851058523807,55744.754087428606,741718.18377064,107152.19718548267,5.303813745127532
27.68351825627656,56445.506395501325,460238.2731672389,104925.01838575184,6.396579103906079
21.15266967127921,54822.590357094006,299401.2528026155,102236.4068874772,6.337402826217376
26.124103329352508,55854.7587799005,409151.0265049306,103659.60311580508,6.3878151916373636
34.94532138538773,57190.36104728075,684424.535895345,106438.05758547068,5.411337427674373
29.841529775990075,56498.487313921134,485539.5320993954,104973.07316304915,5.331571990753743
30.186252754882606,56448.847721310725,485067.870367738,104583.82633104116,6.353722895321502
28.490152761494585,56382.34074525047,363195.67151338165,102876.11438743198,6.155136346040889
27.55204669541005,56104.63722254934,491648.37812234485,104779.47137261227,5.6078321515155425
33.093379228116056,56709.0367387931,505745.530017735,104245.02798771969,5.26912921431738
35.465100165766614,57102.49298268158,563214.2249030855,105004.69457900019,4.8788230430739645
22.20952321278106,55190.542056663275,375621.94476590096,103932.64122876465,6.118256799937458
31.733457122214325,56785.29092904937,495129.9051732939,104667.82194934055,5.900678537847841
26.124103329352508,55854.7587799005,409151.0265049306,103659.60311580508,6.3878151916373636
25.84591002578144,55884.88502941537,399111.82828948885,103854.70726837961,5.563594828077225
25.84591002578144,55884.88502941537,399111.82828948885,103854.70726837961,5.563594828077225
29.358109610123943,56429.67980741793,451086.74426595273,104139.96548954572,5.6989634939739435
29.358109610123943,56429.67980741793,451086.74426595273,104139.96548954572,5.6989634939739435
29.358109610123943,56429.67980741793,451086.74426595273,104139.96548954572,5.6989634939739435
25.242371969704795,55877.213140426495,322682.15847927955,102798.51625166833,5.9695216929255075
26.64157603607798,56102.91073221706,346023.90508702444,102659.40939270073,5.8667579707872
25.430030265358457,56007.79251618124,348166.7661735864,103371.59365679814,5.834485001134357
28.078354211538446,55966.27625365029,432114.79937793507,103641.48298677975,6.198011763788825
34.86931446026195,57271.360792840176,653042.0432996233,106432.91134617578,5.248937170930724
26.107523015747013,56049.51028330799,483270.28594183014,105017.57785112414,5.592147330435147
25.372466358329362,55930.39505258657,419431.28150573885,104373.155996138,5.999493891491575
24.971676444425746,55494.10506975882,509255.49850531784,105504.73723675979,4.768099661884815
26.124103329352508,55854.7587799005,409151.0265049306,103659.60311580508,6.3878151916373636
30.79703568934626,56625.220708574954,506750.44961243216,105062.67141660916,5.8453859262659655
25.68458466231246,55256.44447670377,498188.69247740414,104576.29076902215,6.292682750766756
36.69727058378243,57630.993731608905,613160.1582631066,105841.57928545197,5.6369564481661625
22.740358297512323,54927.1310675981,379854.41610478086,103409.59601293848,5.9997805182443
37.44242326704501,57385.64491900754,1124627.7650152708,109725.2962843099,4.800777184537588
31.349522915734376,56764.83526844575,510718.9928953448,104819.4845656142,5.530812308950479
32.71501599067918,57408.90931729536,610767.9966065927,106814.57062300543,5.625460791770358
41.83463600821084,57558.67181062092,975657.9982198022,107844.8215140188,5.004469596776264
27.633949910294564,56162.04778008263,450764.3054365764,104369.56666407634,6.138856620482174
32.50769106176747,56661.49762935847,811175.8798314653,107581.16421206045,5.240486909975154
25.94824061942428,55974.689087303654,354792.7744786333,103033.3845375751,6.411528805088362
28.735252495129,55835.98183998361,844988.8748235813,108181.14571169567,5.385730225365831
34.207159299166506,57865.96892875209,444745.62192077865,104477.35659574535,5.4845087045892935
37.512489783055294,58247.180527342505,524099.1526529439,105332.10933954148,5.191169191284878
32.70425293199697,57525.73625993586,490824.33467961394,105289.99710221909,5.060311967821346
38.26668104401209,58966.50362677659,524831.0070873324,106326.85485259538,5.5610086072030835
40.33005628005904,59033.56042082917,599105.3577516405,106586.69959100007,5.583765663334737
31.890505039352302,56823.53807242241,703680.2207921011,106991.61448296372,5.479984453583035
23.78871221961672,55452.14567276393,338988.02878813667,102885.12194264821,6.1061118959834975
23.78871221961672,55452.14567276393,338988.02878813667,102885.12194264821,6.1061118959834975
29.058583684626512,56321.43845118663,466100.8580231258,104455.73313254844,5.950216338282526
29.058583684626512,56321.43845118663,466100.8580231258,104455.73313254844,5.950216338282526
26.227176095229705,55821.50985601682,476503.204122606,104866.207247714,5.692924317330631
22.988670964624056,54982.61557548424,486266.801249863,105149.86802214471,5.712254803645913
26.688769256936396,56118.46850160116,420962.82665974175,104213.2502837394,6.062960273605001
32.36453463001856,56957.27786209888,546310.0476846622,105406.5743150767,5.685678453189839
38.234570638742454,57715.16266440838,950873.1871388571,108588.6767772245,5.229299209634057
30.858259769691944,56859.99477415058,534292.4135626685,105303.66778930448,6.102870551190676
22.22347376354015,54934.08430529901,391770.9107379964,104050.39769720107,5.632920882870168
25.883848717668258,55939.153736479646,383884.19494360493,103569.21429694387,6.43474663220993
30.50154223945625,56535.811463676604,531247.0711654819,105104.05604359333,5.712262785212436
28.96069017714169,56228.44787940715,506165.7138424564,104850.89823646503,5.672762772208971
37.06274163732279,57603.793907955784,810143.5470016206,107662.66467623749,5.334577582988947
32.31899814996177,56639.90065275082,762097.4415175741,107236.90788828701,5.477023767522357
31.021089752720425,56307.03771300933,614595.5897365462,105946.53905577534,5.427189465043606
35.821458081515864,57656.41236969897,579046.6948634095,105731.81936946986,5.466792144905852
35.821458081515864,57656.41236969897,579046.6948634095,105731.81936946986,5.466792144905852
28.32027365663023,56136.42100119024,497697.63531106483,104859.88488122208,5.262098328362327
28.32027365663023,56136.42100119024,497697.63531106483,104859.88488122208,5.262098328362327
28.228065333075776,56126.82158172975,496909.40156799176,104929.55092764432,5.009445968875505
26.373996085154335,56118.797436753615,403002.0731147613,104245.89266484203,5.199800282680871
26.59618962717243,55954.178650793656,415966.0814453482,103968.63720860492,5.4987698354505365
30.11179970781415,56759.343670758266,471530.6158553457,104980.49120342072,5.204177066628929
26.373996085154335,56118.797436753615,403002.0731147613,104245.89266484203,5.199800282680871
24.646610277472384,55659.96699896867,425633.86757284857,104247.46727913142,4.967949810700948
28.67000300668306,56465.404024761556,452893.71992579696,104593.93758777021,4.999027237976741
26.373996085154335,56118.797436753615,403002.0731147613,104245.89266484203,5.199800282680871
33.7048135808945,57120.17183202637,671862.5620424381,106580.0177828592,4.704942099093539
28.050405091944597,56338.471647826475,452224.72354014154,104502.35382351352,5.242395337389846
28.775493045563376,56181.97945351036,563142.5508101927,105593.45768892241,4.8974440217438495
31.887420300398695,56734.74016926403,868276.3811444802,108567.0106377966,5.239030146840183
28.130083159235557,56102.43586032569,479818.71173037635,104771.43021038888,5.683116530283937
25.192562488688047,55633.67448540658,402367.81538460986,103609.00954539182,6.013111364386624
29.341309105065527,56041.220563288356,464941.84333123476,103928.36853736427,6.203597814685992
35.64074981251053,57278.9794383027,642255.6410529051,106210.14296942508,5.256700676667944
28.284984941105815,55998.26359764879,505270.2896601594,104756.88559802262,5.186266468432565
28.28110617025782,56537.12933713835,439015.92737578833,104700.66190746258,5.440997312077929
24.638538616179535,55549.197355404176,361898.8290473305,103116.0402405576,6.497668156881356
29.729637069349085,56349.53968289941,573341.6854805839,105696.74674899194,5.672064513811853
31.557042893357504,57082.960172993335,689778.6939442093,107204.17387462145,5.80257378326965
34.6618616409683,56856.87079710856,973828.5373986898,108454.855391486,5.131822287780449
26.124103329352508,55854.7587799005,409151.0265049306,103659.60311580508,6.3878151916373636
26.124103329352508,55854.7587799005,409151.0265049306,103659.60311580508,6.3878151916373636
37.28523643155375,57440.7294713606,857924.0107072364,107924.63732203621,5.284911192525145
31.64272023749279,56363.75361925849,996696.4280283173,109049.14610134039,4.817037234505053
27.246483866053122,55605.23550529865,670970.0175675525,106660.5646985314,5.027840859453156
22.86331965709137,55196.90485897577,387376.48027523444,103716.52501427302,5.786641229431292
24.289591204875332,55520.91910436291,370183.72145322023,103293.45628004278,6.398550489725981
29.59487594838991,56400.49005517991,504049.86679469113,104713.4226096424,6.27330929468694
37.74528462583386,57811.26678106683,862253.7524166717,108279.95518149053,5.781267584133873
34.72996786097764,57616.587606131136,644826.3492704073,106775.51790305546,5.783119594588628
26.124103329352508,55854.7587799005,409151.0265049306,103659.60311580508,6.3878151916373636
32.78798470366558,56982.2310792907,504942.3230273725,104708.14358394874,6.426038281492936
24.598652981462635,55853.51463997442,417715.5090159494,104700.6447344832,5.716483336796028
29.13212296395461,56460.64174800193,512449.5357569612,105162.891749026,5.5279709755249815
29.842561307412026,56539.89041971761,542540.2411885352,105509.62772701026,5.352055467213326
25.849292545568474,55716.55540698867,391070.3069887054,103642.07804787214,6.065352519365526
28.805876004969903,56201.91244981154,526698.639053398,105114.0991326489,5.605755157129959
27.17039278727284,55783.213994419464,560305.2494294961,105452.15712352688,5.69397197917791
28.742325551664887,56339.06317509521,428783.0187167287,103901.74227690804,6.592363537833364
28.559778351089577,56455.99986927037,391467.3734569524,103370.74227076913,6.594760138046325
30.156758320957902,56298.55508931079,717887.4839927572,107106.46690338584,5.366428988092149
26.124103329352508,55854.7587799005,409151.0265049306,103659.60311580508,6.3878151916373636
25.25957943204196,55706.9047548698,503742.15063422034,105261.62310679904,5.798776569759822
36.97343638440035,57405.42734929548,951522.8266228357,108601.15273669994,5.479763250382906
30.568113322129843,56699.945858993044,510457.42038181296,105129.7431531624,6.037950037771577
26.95417632238318,55826.42053959199,398027.14859643165,103161.62400618214,6.422300439905479
30.98050074072394,56779.08727104312,562840.8794992891,105486.37232414403,6.1374865172269075
27.61740499040323,55866.521030575845,655510.7275994106,106811.48716218778,5.601364651693332
26.880526154560282,55645.17542859009,739012.0610711153,107383.25041342498,5.147413733482549
37.938127201948404,57678.407056570686,595796.6233268341,105466.9838612357,5.19776398213563
39.21329916505262,57662.9101942565,683898.1120728774,106131.04388424887,4.924615300767006
25.300019410894368,55597.15200991882,364652.7064903405,102917.0081952661,6.1471497059704525
26.124103329352508,55854.7587799005,409151.0265049306,103659.60311580508,6.3878151916373636
33.99389278536092,56775.86622344878,806448.7363989505,107387.37414413242,5.733475601691212
26.124103329352508,55854.7587799005,409151.0265049306,103659.60311580508,6.3878151916373636
26.124103329352508,55854.7587799005,409151.0265049306,103659.60311580508,6.3878151916373636
35.34154451593538,57221.41826479371,765062.2442297246,107151.57450418742,5.841682140502929
32.58621196250013,56813.799996247646,571602.8785880819,105340.48644819998,5.009707562036053
26.37438322404828,55520.92547108106,588780.5697009037,105912.99249297714,5.604360938028842
26.432768903591594,56106.57351122175,410105.4946574504,104161.04380942615,5.7042379335271045
26.432768903591594,56106.57351122175,410105.4946574504,104161.04380942615,5.7042379335271045
27.162882582739385,55968.77533529724,432514.32300662296,103851.29224485453,6.317510849961531
41.95203500660265,58548.42671001184,1020853.51954301,109417.2270930125,4.810777864344676
31.602210861363805,57061.77130015396,524081.8237716265,105364.81163425864,5.0123798558245625
35.37195209912418,57509.3865829508,834323.2270361892,108477.07993739558,4.736023649359842
34.247736201012046,57283.66491588517,765225.1062181797,107611.57959835704,4.7946812962466545
27.819647234228356,56588.240174927465,467174.2677068244,104910.53366130585,5.290803865225452
31.605870601397942,57090.329596209216,559796.2288597677,105760.21632876065,5.118899232020628
31.366123274477378,57188.554563175465,466870.42604505876,104831.27504232757,5.701859109141698
33.3687484832838,57371.6431390551,661940.625593054,107152.60491091985,5.365577886400824
45.99636683812433,58828.621491006175,1128182.3162010834,109663.2923106217,5.398398944944091
30.6031006793881,57008.227446287456,489788.1712838545,105485.72928412184,5.417131394909625
31.5457857311077,57296.03822162233,453657.07497066684,104840.62005047798,5.487655867019384
27.06865917458319,56004.979928298846,427593.58040389174,104038.12725839912,6.338092937836389
36.176095267932894,57245.26554036415,849390.2474284604,107829.76540115078,5.4255212946309275
24.3291724697411,55654.57386961308,366160.27111676394,103573.93425958771,6.708291641141835
26.124103329352508,55854.7587799005,409151.0265049306,103659.60311580508,6.3878151916373636
24.7309936956646,55491.77349014567,423355.44709833275,103985.50430294963,6.47443634695522
24.348506795411414,55609.10113766423,368221.7029453422,103359.36340991034,6.39049665789541
32.04371847356389,56758.42762848338,817603.3584394306,108087.81872862286,5.401036275953405
26.124103329352508,55854.7587799005,409151.0265049306,103659.60311580508,6.3878151916373636
22.980119253362144,55151.00397198918,325789.1394578539,102532.57605211937,6.380016915730728
31.433116148993655,56601.30809542068,544896.226914333,105038.30497833072,6.113552100934778
24.254688283599595,55734.64372442725,362105.7440748191,103467.5923148262,6.456819036736227
32.467350602155534,57151.450693976105,533330.4663341563,105463.01995929005,5.911240982916251
37.14142248302822,57742.49597724857,886867.7617901715,108585.912928063,5.219217140990766
23.18806903354717,55154.46203877812,379993.4681094413,103362.03686172666,5.817969960694741
20.82024021628987,55061.06960311107,317876.45111547236,102959.43870162277,6.363512233225433
26.124103329352508,55854.7587799005,409151.0265049306,103659.60311580508,6.3878151916373636
31.44832454095792,56257.34479892403,885231.9531471054,108108.13996852258,5.049305266644769
29.683888590985948,55956.907542136556,753131.720683129,107055.88418352713,5.573554740065729
28.128395017401342,55636.5539868299,666321.874144476,106419.17513182816,5.706736812846813
29.683888590985948,55956.907542136556,753131.720683129,107055.88418352713,5.573554740065729
26.124103329352508,55854.7587799005,409151.0265049306,103659.60311580508,6.3878151916373636
26.124103329352508,55854.7587799005,409151.0265049306,103659.60311580508,6.3878151916373636
32.316635150892935,56688.36422262633,578951.7511149308,105304.08779136783,5.268037406545825
27.604347339267314,55762.47058404038,668293.6160688964,106523.00031094893,4.790513844801283
30.8946545088936,57011.81188444039,560501.3108397088,106226.04845882824,5.745423777109658
33.45221717242721,57230.37693626574,659725.6109287932,106783.70093220251,5.431872963938701
34.36653274800821,57077.30345203513,660198.199289279,106175.47039042531,5.867306148590703
33.613305944762544,57838.488604540646,540846.4082215185,106032.29220914686,4.993471633974332
33.96331380764748,57157.14217821506,692468.3144042862,106783.73079203621,5.471960122439949
39.95732790407607,57326.262074145205,1140975.4632425585,108946.26585735712,5.348614413673582
26.124103329352508,55854.7587799005,409151.0265049306,103659.60311580508,6.3878151916373636
31.053139934598658,56464.75973924667,712411.4323482972,106797.1100030415,5.33879584756027
30.219936212362896,56647.879047508926,478580.99541011744,104526.46010889264,5.900752780619736
27.266285775306073,55949.2981787061,561746.2436959234,105523.04703748666,5.825853109677261
34.02024824554134,56549.37526406243,795453.7439960062,106951.91342103633,5.800172539062364
29.62306601752147,56251.74972985432,523524.3466801787,105057.00876621206,6.052785791768776
26.660192606449435,56096.97069819149,426687.0761099523,104385.9486622087,5.9757592380986475
27.084597418530464,55393.87256345837,523161.8202792159,104792.16045312506,5.29721012412076
32.744852171605984,56668.759866043634,657390.9011297573,106418.03025358169,5.167529103502625
30.20296262214396,56272.19145129901,595718.8387987621,105821.8114778418,5.9797460179083135
32.25109008252289,57220.2317447573,466434.0110644112,104657.89780576326,5.955471949364707
32.3042505544927,57055.97740178808,436102.6924487493,104029.93047121176,6.074808156778017
42.81875400297122,58019.39863385467,1478569.6639010734,111172.01363953423,5.37877759095172
31.52257534394188,56764.2124032262,457579.8937696129,104271.01711893057,5.48269839533903
26.124103329352508,55854.7587799005,409151.0265049306,103659.60311580508,6.3878151916373636
38.21617666773851,57480.994030805006,906999.5605617678,108040.73602658637,5.353651258630088
22.67670063990456,55222.108256657644,304599.5804107514,102474.96652817214,6.297330021183235
30.606831471370747,56294.60318924122,762778.5161280882,107290.52708222809,4.564850082445863
28.911331554353882,56696.33022213673,570532.0616488043,106232.97589111996,5.4399916799837795
31.73261918100507,56975.36719333198,484964.27749719855,104620.74565194975,6.22098880677316
35.29001964919521,56870.427016476075,823286.5065296127,107339.91218061598,5.565285227154524
26.60290865302253,56197.4232477649,313013.3844053064,102240.67622517014,6.41175030603315
19.653026732642335,54726.234438497115,263580.45469177887,101995.05757169802,6.183181828135514
22.404019954739663,55470.82993247331,298715.3413276429,102663.61375615445,6.0167209323426185
22.790904847957847,55577.81854377799,267721.3784879565,101689.0503598671,6.163920641241815
28.88549638391801,56676.025615021594,434047.2501282117,104128.96344150735,5.837273893301739
39.97194226143405,58468.82593190467,703302.8380473047,107386.1945367818,5.392466796977442
32.505669211533764,56558.289544727624,815151.4003664379,107477.00328497752,5.3143914197725834
24.24617767176124,55588.04723638976,367145.9455375112,103359.26205762078,6.520990688670444
21.392558034058066,54864.367502197645,339461.7840839971,102907.34361534141,6.215249525088836
29.227113388812256,56186.68541618699,733732.0116423965,107292.03549375542,5.344767180871306
30.36633935506286,56400.13246686415,729158.1411923461,107197.52565996262,5.086088176363006
22.626088497739566,54880.21361127187,464080.548941688,104747.86733332925,5.673695966397155
28.081006492102595,55816.50580866843,551430.3072892174,105297.47045739018,5.846559562009525
24.23697146218999,55433.27634121629,444526.06083752506,104624.59511829136,6.038602133149714
27.655645695393137,56089.27688948589,421550.2291094474,103839.52093695459,6.299805447886687
25.967287014378154,55971.40430115227,391514.10551440343,103737.09667712296,6.1579921605847865
25.857375377783196,55868.413959674945,380848.52957503445,103427.57371827998,6.15673292931478
27.09471367821892,56027.32114366096,613631.0790953567,106654.48637544327,5.09853386405157
22.863338425229205,55363.02871745735,429207.3727276559,104759.57530222848,5.7117691124123855
27.35837652899491,56127.27367855895,420310.7478428803,104026.14308489868,5.926431894986047
26.124103329352508,55854.7587799005,409151.0265049306,103659.60311580508,6.3878151916373636
24.138450773035178,54806.726989663875,487387.40437899396,104218.95626001689,5.6288027257509885
20.694230925799225,54587.662993505925,382177.2487909307,103847.75508892316,5.947778208716319
30.36847381038706,56360.13388567218,712082.5604146204,106968.2511755373,5.5520836263991455
24.399258185834537,55503.91430306878,409280.90686966234,103731.99221373122,6.248170634156591
26.656193312677857,55900.91502351754,398450.46171069104,103824.10855354651,6.283709325870075
34.830066286891096,57332.46623662528,654725.8323447692,106509.37771155573,5.137914852069051
30.800433606410543,56637.17864624747,599156.707670733,106178.07316609427,5.707940270914677
29.33623882162008,56351.35047840374,554137.150853153,105254.2707212013,5.846495416197798
24.422491523093427,55729.21577621885,329553.9834421741,102986.41718630916,6.546547610133487
29.94655956364075,56460.74793688586,499755.58474908315,104807.1524394967,5.637120751730835
36.2538527635951,57853.01831450598,680222.8400813034,106993.80494177053,5.296850997401282
29.728963192119746,56594.167168997774,558377.4926414713,105794.55441941028,5.469681089308551
35.79612409449042,57885.885233146444,771293.894895431,107755.64115633495,5.609622665748212
23.744187991463868,55398.19787010798,366496.1679047576,103458.55966033458,6.278541696979324
30.60574668164988,56676.843787497564,562745.1655718648,105754.17926443472,5.39561974686891
30.612177562222985,56455.85671592972,867196.8559018499,108301.867354283,5.42987155178084
29.864281187519143,56650.6503629316,541516.1549126351,105605.14430316152,5.802592219407468
34.099844444001214,56782.00922934916,911435.5976851891,108162.66904537348,5.000374441688272
38.72465920171442,57491.60145584896,1135348.2998568595,109483.09701725369,5.103947394455257
34.892010214441086,57028.282540657216,899040.4370688314,108266.1803624085,5.339176778700438
29.005901883142702,56271.88518787526,574408.2087775762,105825.2563880443,5.082720681086814
36.02807705258006,57554.38890140567,716415.4014589853,107125.43973431324,5.116597362857879
28.444586965918926,56040.715146074464,608092.5773568151,106146.8374808946,5.080947499535423
34.579346485837135,57247.1454306088,684583.6659967622,106637.37960947269,5.220795291383002
23.14303828752724,55493.72323593356,392361.2561460551,104206.34362032487,5.63886882294038
23.14303828752724,55493.72323593356,392361.2561460551,104206.34362032487,5.63886882294038
33.05166746172549,56939.086921283124,778228.7021459668,107738.90734399518,5.101561379827878
31.001202354091056,56127.02491203443,934337.54619501,108373.60897682032,5.278293236789277
47.45647245038324,58802.17838455857,1519635.7170447814,111458.7138911972,5.082408677259875
45.16687155035155,58234.46939171629,1552496.2927336663,111312.11884017792,4.995364117882791
37.83405584810263,57403.979116179326,759537.5913560551,106888.55523765404,4.796344582257873
37.270174850731564,57003.825847743305,1275715.5730947182,109962.72420086397,5.723513569786338
38.07046838628092,57474.95662592367,848520.0192650714,107636.34174795166,5.630464071250273
42.15458785333214,57860.853038407244,1284350.241253572,109974.19283228272,5.098172411484573
41.160644882642345,57662.309443687736,1378836.1724779278,110373.97726521608,5.171499958445401
34.33779173387676,56012.368501284545,1323346.13108712,109612.34442652625,5.242085897370437
36.19266534437642,56973.30172699161,1042221.6181194449,108915.3346861302,5.730408922027463
31.02950590865939,56207.344847450266,809426.5983585091,107573.21276131357,5.579179704893675
30.3699231323923,56190.65607350189,712208.5972232472,106787.79536070778,5.4619047898565265
29.931888761546425,56117.699998195734,920373.2435110009,108608.82618872281,5.567950549012331
27.044216112912736,55485.71096277104,774181.2183555616,107357.65485294028,5.3767592258134735
27.744576832086825,55666.652675685036,735090.1360911329,107102.71316509084,5.67848907568274
29.853569077194337,56043.85249199965,854562.0770434197,107896.2210080618,5.283743354384983
28.85855109995859,55923.83403430933,779425.4380370919,107382.840395871,5.5592884736177215
23.987567748142645,55059.272532085626,499353.0815962358,104913.32724846744,4.88612170860672
23.463188140409965,54785.427422634864,570035.9905903435,105729.34236170186,5.006235137684106
25.44333202077724,54890.37115602384,663233.6264668531,106298.98537444127,4.925060153549608
23.35795540718024,54902.73369946181,456016.813000898,104417.71057218012,5.370756556755143
27.93297877084605,55388.187548226604,874279.5836756545,107842.93656723796,5.395159143816341
43.759189998795755,58294.23286726413,1403489.0383210992,111123.5320138914,5.739869758871655
28.572142137450687,55482.75141829438,995986.5885461089,108850.64661116512,5.8627611249484985
36.00034806463956,56845.384539279556,1284786.5351735295,110069.77775691684,5.543891721607899
34.99401411055906,56569.32375666901,1258866.816939334,109957.49693286752,5.68117600170735
38.523968724048125,57389.39774269319,1569931.8724404003,111631.69606434822,5.732015227948747
39.92398006798435,57493.42592637878,1412871.7418449752,110753.6582151803,4.9390664679401475
44.11466713343178,57886.59133717237,1593007.9237822744,111192.11018290624,5.52924877217747
30.60251072677586,56050.421170566435,1081182.2172977645,109167.00509592409,5.45242892420391
29.32242792750715,55936.04735666758,963930.0859417485,109071.4748572914,5.469581170653843
26.3841626186934,55422.923268532155,563936.6030559153,105463.30305480078,5.218916587348496
42.35130788517772,57892.025476696675,1484530.9473709185,111246.43788503454,5.118165702386775
43.91963493074675,57947.8698318875,1729762.3891628385,111883.21703721242,5.692984062565532
46.41942260258385,58491.78371545718,1823276.2681833315,112416.84548258447,4.844878001112943
34.80969052384089,57006.69946980382,1171545.767111285,109885.62681764107,5.250476026278493
37.412338724435756,57366.97663174215,1268968.0943684867,110393.41032595113,5.112743145077235
33.75797287830716,56721.02451592068,838125.7665049831,107708.28354825843,4.961266152506666
33.119394218786226,56832.53618781644,829368.7043078127,107903.68609332206,5.021763480163341
25.104115439755507,55681.39391015075,477073.18670502224,105128.30071970598,5.248865249140959
31.405779911352816,56821.848249353185,575334.5113339849,105859.53729490767,5.965758522894337
34.65011829781708,57484.14133285001,701371.1001896337,107271.37238080824,5.51298667723813
38.2369496285072,57771.14284491013,923476.8230806335,108694.76686128888,5.158038083198043
27.58097280471336,55925.8432214333,551668.4795539442,105592.31617633358,5.373410028561221
36.71503171455469,57279.64118965534,1071679.8174421205,109300.019929193,4.915193048076023
36.275614486423606,57166.17605317582,1126353.9205561036,109800.1124796817,5.17737542198684
32.24138909617154,56367.451243687356,660265.2209982849,105950.86712594482,5.501624384140665
36.71503171455469,57279.64118965534,1071679.8174421205,109300.019929193,4.915193048076023
30.523834929259316,56540.948395874206,687832.9730940188,106979.97041044621,4.970485348928707
37.819986867506564,56958.30252010951,1169152.521803949,109346.92998119934,5.167085358947712
34.509592584663956,56601.90987769179,1162254.206710087,109587.88730949894,4.741418547082686
25.565173323354504,55618.709835463655,611896.3085138476,106564.29843677262,5.307631625685751
33.673989655874394,57035.31320646611,705568.0478620232,106826.84827923338,5.370975440274002
35.67324101502755,57322.46374912905,852752.4645286154,107931.18175654087,5.530326468262092
31.59908279818869,56782.43795273883,814115.8206896569,108110.56950380922,4.979703493801622
28.576451136256384,56309.00694148454,707222.8119358217,107327.5660056463,4.902644171364676
27.929114874921588,56194.29657047291,609911.7828924778,106550.87284688454,5.390926109603361
28.46031917617341,56069.99846940011,625459.3954250461,106289.52738262864,5.589962594846147
32.82596929659372,56888.61659577102,757326.1679178473,107579.24748762796,5.560174582928457
31.294704751788363,56772.29465226762,612360.1878058616,106230.40315455028,5.326011176148908
26.24540142247553,55875.56968522454,460069.43830507714,104583.03462985669,5.578977907825138
23.869812827064624,55506.947985169754,471711.7662812259,105231.9937974138,4.822521140625871
28.3323045228717,56224.28888441293,579438.2095790096,106096.70876529535,4.9804654425625206
28.3323045228717,56224.28888441293,579438.2095790096,106096.70876529535,4.9804654425625206
28.3323045228717,56224.28888441293,579438.2095790096,106096.70876529535,4.9804654425625206
25.112420400514367,55639.081064637736,526004.923717677,105587.18105828113,5.17663758955902
35.569667836313,57373.54437205223,717581.4872719239,106947.27864455605,4.891282829440814
31.573276357117827,57017.47537111585,564506.2550640492,105894.20764872611,5.322013419332086
27.785029626303615,56162.8445413533,458595.63763387926,104337.87672688406,5.367762208205062
28.3323045228717,56224.28888441293,579438.2095790096,106096.70876529535,4.9804654425625206
29.018772920617735,56108.8188967837,573476.6169577817,105470.78048015613,4.876533008480309
28.3323045228717,56224.28888441293,579438.2095790096,106096.70876529535,4.9804654425625206
29.749098596133248,56480.920450114696,558958.6039491602,105649.01341069328,4.8886152016451225
30.57926178073161,56628.588702756584,560576.508799041,105814.89707839252,5.279056002975387
26.92902310709112,55750.40899994049,414592.5289926723,103531.58677580734,5.842463718079508
31.298716198391425,56201.830993982105,835203.1581227673,107603.04104224918,4.5814212669166245
26.237210685696013,55534.13849072003,584816.8731601432,105801.33813050747,4.851661530785389
28.3323045228717,56224.28888441293,579438.2095790096,106096.70876529535,4.9804654425625206
29.192315373426293,56182.89656511067,620307.6224151284,106363.16983370813,4.802093112138534
29.60658996590628,56307.30368476168,567929.7625973031,105449.21542936188,5.327476400810967
28.3323045228717,56224.28888441293,579438.2095790096,106096.70876529535,4.9804654425625206
27.909360804975243,55619.614192466164,743751.2263214261,106992.03994211848,5.402897294659844
28.3323045228717,56224.28888441293,579438.2095790096,106096.70876529535,4.9804654425625206
31.770188543940897,56637.72035738139,725366.2742878716,106926.13011185153,5.173210233412
29.808686963838625,56088.142780784656,702842.2253516299,106682.02977251816,5.200676947216339
28.3323045228717,56224.28888441293,579438.2095790096,106096.70876529535,4.9804654425625206
30.42462873103507,56342.448947339864,661278.8030464534,106661.37445376485,5.205665912317187
28.3323045228717,56224.28888441293,579438.2095790096,106096.70876529535,4.9804654425625206
25.97126432639235,55692.10007767348,562881.699787783,105892.09920837622,4.94685045835542
28.3323045228717,56224.28888441293,579438.2095790096,106096.70876529535,4.9804654425625206
28.3323045228717,56224.28888441293,579438.2095790096,106096.70876529535,4.9804654425625206
30.65039686499748,56254.95957874199,673975.5432940169,106431.28605585934,4.829586995248061
29.75478093164878,56362.474238077935,608777.4425060179,105965.76144323601,5.483713048611318
32.260274270779156,56821.8245791279,673347.8331755972,106527.64709538186,5.173496324586794
30.461476266819602,56517.0071824569,666760.117083531,106737.69882363435,5.1070446216598
29.256630147223568,56385.70852168991,545855.9800354391,105582.10299731161,5.028967338657393
23.067420019363862,55450.04003718501,377950.019243067,103760.89629947524,5.574379032751716
28.3323045228717,56224.28888441293,579438.2095790096,106096.70876529535,4.9804654425625206
28.3323045228717,56224.28888441293,579438.2095790096,106096.70876529535,4.9804654425625206
26.76023571057964,55734.806857917996,505265.59558134875,104853.9756332772,4.995868725410653
24.527333878486303,55726.49886086175,424719.6191004968,104421.5712106637,5.373882098254199
24.527333878486303,55726.49886086175,424719.6191004968,104421.5712106637,5.373882098254199
27.956349853017638,56202.55065783476,562362.7700905215,105995.09090180481,4.878144966621453
24.527333878486303,55726.49886086175,424719.6191004968,104421.5712106637,5.373882098254199
24.527333878486303,55726.49886086175,424719.6191004968,104421.5712106637,5.373882098254199
30.103555538626612,56490.882650086016,687152.6953169397,106847.23500431988,5.467300844191567
28.87661423470681,56058.86756892679,604898.640214171,105904.30465848664,5.107420560195502
28.3323045228717,56224.28888441293,579438.2095790096,106096.70876529535,4.9804654425625206
28.3323045228717,56224.28888441293,579438.2095790096,106096.70876529535,4.9804654425625206
27.672011046884386,56175.83151125408,499428.66651210486,105367.35801282448,5.196665984927249
28.257411357798727,56358.79952425716,587302.1297251587,106259.74229017917,4.84562456668895
26.42299252536125,56002.756943934764,485278.4378453097,105127.79888692663,5.2750993862757545
38.39119966075811,57411.32168454337,1224150.056982486,110006.0036161625,5.510748690334345
44.092799844914516,58259.34022003336,1416317.1456427076,110737.39265641563,5.354311014400297
36.814909416183156,57265.224002556904,1059229.6981971678,109213.60612762629,5.234807846291487
27.097044981527173,56194.24577667506,463341.11274741654,104998.95787844206,5.16792198482273
32.744902777585295,56632.37724678615,860830.6327951476,108108.68410258534,5.178588710916745
36.562551170805996,57631.53665962645,559277.8160944222,105415.64545452755,5.378711611834652
38.00767365079217,57394.59427171023,954682.2729693854,108368.10975946397,4.711827883235027
29.076215626817127,55977.25737085884,631441.393114975,106038.81791325092,5.265324566148021
30.069024503511052,56135.28794421432,809719.033399511,107764.61040261299,4.680398103110175
31.979706356140028,56474.81613290444,756607.2523025043,107141.70619583302,4.988054477445561
31.359568990093063,56265.476817786504,795635.6723334463,107445.41334347779,4.9564790546747926
31.802589264561995,56588.1914396557,839522.5959472251,108017.21452767283,5.177306569640257
19.259849771359367,54357.81226896511,306004.24429249496,102607.48323293004,5.553717370450911
21.455201331916307,55205.48960291605,363374.5221086746,104124.2689232252,5.262881844456999
36.73143830013523,57187.43509525183,999229.165127357,108540.04586761667,5.279269905844396
35.837220197727206,56788.26525205139,1138224.9208485878,109281.77397734152,5.208715332433533
32.97774213757072,56727.106507638186,730557.8665912057,106818.54243641306,4.812079103757514
38.29433605656183,57363.09148623096,1013025.1429666962,108641.66620737947,5.352394679671911
34.635134091956786,57722.45100609869,516181.1609214189,105368.34041086542,5.4990783258592595
40.349138766998536,57851.425858984105,1008327.2370873633,108802.93881410448,4.889492401426015
36.123575274712515,56771.45909285961,782643.3084206752,106497.80250444521,4.917674202121294
34.58321275781644,56966.845898693726,675827.7565275603,106307.57854253057,5.541750080869437
31.61274252676791,56330.156337862776,777808.9598835409,107304.52315720975,5.027159217999338
24.939421381791636,55827.744648293934,409113.1542158938,104435.03287630294,5.274518815953767
29.996376520263027,56394.40729185387,548055.8376921702,105467.23536891858,5.078470437541134
25.185481910742574,55830.030856558515,415904.07478468824,104484.70861596591,5.488922255826636
28.8138084662073,56344.601254111425,622423.7415837711,106633.66370106913,4.949570395276817
25.999673335019228,55751.46989497048,512123.89619007765,105324.06018976941,4.825011457346955
27.587988320106085,56117.42711989228,446483.7733526286,104383.13886000308,5.626666826308289
28.787715321535035,56201.65824791034,616592.1634274682,106196.97979794898,5.076074793860474
28.787715321535035,56201.65824791034,616592.1634274682,106196.97979794898,5.076074793860474
28.841156041635923,56407.90089415082,490900.4929247787,104812.18132022889,5.048172659471874
24.407245057682093,55587.850637134616,508574.6229016739,105640.89501735747,4.718906403466557
31.030889512469123,57114.750825016235,491616.4322498958,105305.45156605636,5.114236639439726
28.5209459044473,56154.044992808085,838216.6146887166,108462.56867890788,5.000828631250739
39.50409549023981,57672.416015052295,1241791.4258891346,110174.32868344504,5.182752683329725
26.772341888196262,55663.04392207265,610642.8207485237,106333.44369502281,5.068572910266991
33.36277038061919,57079.42845468215,621254.1467725253,106216.46451329222,5.180392376310639
33.81946028788271,56956.92516781984,748950.2179632429,107097.44826642719,5.3152972588792124
33.36478806047793,56527.516548120235,917890.9677839334,108190.37639466474,5.244132424899166
33.0535764495379,56871.018309255836,769652.4768028933,107407.02367533447,5.165998559212485
34.137652117763324,56815.19010106932,951218.664786557,108408.69814411998,5.007326201492168
28.122651535179084,56098.482088569355,726343.8483753185,107406.79553656004,5.477547138204605
38.67416151918795,57447.923019839145,1137696.2172712171,109513.76406045059,5.127666536106262
33.8538779870966,57012.86585168466,829206.8612913837,107871.78484161127,4.799592813376312
33.8538779870966,57012.86585168466,829206.8612913837,107871.78484161127,4.799592813376312
33.8538779870966,57012.86585168466,829206.8612913837,107871.78484161127,4.799592813376312
34.959583828485584,57191.15242087528,625424.3002759849,105907.09669760946,4.86504420073379
31.736428422610437,56377.515976323026,802488.3432481026,107506.56196920922,4.986993487870564
26.009559449822046,55439.06684373935,550831.0396766914,105575.54965581975,4.813220254087647
31.216994215159254,56258.06864556802,775473.8413148614,107136.18763361091,5.0137267645229855
26.21822823097223,55542.10283269461,555024.4056011229,105595.85182058852,4.966947536823277
29.899718560562103,56234.144979384306,682551.6911162203,106877.60649398844,5.1664491365047445
25.226421451326633,55536.95679209971,518384.68614663626,105398.70379201572,5.195037933684826
26.69197241780359,56023.12189002237,558949.7023384712,106171.65077160408,4.760016531266792
35.45180809227891,57269.814996164045,856744.4006653144,107947.46948090612,4.713077153514982
30.296351374328914,56334.35856227471,584459.6125465513,105695.97886999596,5.131318358014367
33.70558349181107,57064.82104948485,841548.2863058426,108073.11219457469,4.808850997304458
33.8538779870966,57012.86585168466,829206.8612913837,107871.78484161127,4.799592813376312
32.44539467725612,56611.325116004584,644815.2730028061,105987.7603154151,5.148882218971139
28.683202920223962,56332.024363769735,505935.01614578126,105283.85716165835,5.061379212151565
35.50294664186917,57943.01577817526,556930.7260723074,105890.12268021345,5.33117707984136
30.09105940956652,56376.89643261205,664806.7603660987,106570.81204833208,5.571029587425484
41.28575804411291,57929.43864241211,1200131.1640739362,109734.21281941599,5.040598890892214
29.68304861788943,56303.46052551827,617184.5033879093,106282.94427185004,5.5719826359222475
28.315358384711672,56171.053595264944,601766.0751398805,106136.81772117905,5.1189252897937925
24.940944358437335,54894.325113571846,623114.9353178149,106009.68897122073,5.0261458873455
38.841317830059324,57837.15730208105,1076279.621706315,109470.40975000142,5.2521146179707765
27.338723120314192,56299.634488368785,545674.6239493703,106048.20736302112,5.108219868226873
30.6810833781865,56520.00794375961,761875.9131472118,107696.51012871342,4.934678360795166
34.33411515428529,57114.95903555467,933897.7549430819,108786.98227544928,4.8220418236997995
36.697939056956294,57429.74225612311,869238.8440248691,108053.87486830195,5.3135083930398554
39.9223943304192,58279.099337881904,761092.6154015157,107384.54171299431,5.645257359446727
37.13209758139162,57888.970574382874,696281.431504475,106980.28650280091,5.36098511436104
31.766419007242465,56610.35266727728,869496.826518818,108184.30009831698,5.213542852883233
30.134528108158932,56541.60849410258,662405.1738858776,106826.1146124787,5.3003632017407005
39.60990928037016,57614.29943358559,1068905.4761944988,108882.82987043558,4.740094183570057
38.246649486389956,57746.37334320209,657909.7563734669,106086.11988830048,5.68969729723583
37.63041572311192,57369.207499456585,843295.07854578,107410.89289285691,5.1074104555580675
34.57756901578113,56895.18030403166,825149.1990967426,107453.9707290621,5.01771977463015
37.38413595573346,57174.32266143186,1199913.1451374688,109881.66902470434,5.49377943943893
32.117035300941154,56558.82572023462,639562.9756532644,106286.185473608,5.120468399200031
38.2137794303768,57736.17318164095,938092.5762763367,108665.707136339,5.572303605534405
35.245097193216964,57521.69096392081,766682.9922046032,107555.97103450699,5.254340393221877
30.356137408188815,56715.23128898558,676483.1648009632,107002.33806342688,5.381924475130143
30.755013765250162,56520.85737314205,592838.955076822,105898.03457960431,5.03950553613529
33.17665848183563,56831.70106499323,874635.3079146136,108300.44658768384,4.785984255968092
38.481704362395185,57536.97309173525,1174670.5503519534,109693.53484130927,5.064364261877879
32.12792226525306,56610.7566086585,901908.756726276,108557.83454917803,5.22405977802958
30.52985175396491,56561.95477017559,683161.0001267707,106801.39671368437,4.706291171890471
30.86701163457782,56449.22430864897,685763.3338677916,106774.5302683998,5.365197088716605
33.36576615566562,56584.204922500954,998229.1579255301,108811.25095030027,5.402798811966641
33.61032657668558,56838.99683745821,812218.1920432438,107630.51065107044,5.449919813219669
37.23244033388137,57414.16447987641,952955.1555913478,108556.41032849331,5.224383645143466
37.19373041719775,57469.74581970622,893511.6742205578,108200.78713938834,5.2197125922949725
36.05350081844067,57180.500064615466,989732.7073393598,108691.15483413027,5.424908273612302
37.23244033388137,57414.16447987641,952955.1555913478,108556.41032849331,5.224383645143466
46.29967857630036,59041.364325092225,1187074.5515916736,110050.830746258,4.715419105014298
39.84329710842161,58054.87798958997,872287.6629858327,108193.34397196412,5.048936263542458
26.686889551429545,55959.2128711383,532038.5131978868,105669.23514833204,5.309544641063163
28.091010000747122,56209.69478476505,630434.5432048601,106683.90984670387,5.160939819177479
34.57747327814705,57070.08976976447,935122.1977067799,108666.88021911598,4.732149112465809
32.8887948343662,56999.46135138251,710346.5902516545,106995.52610307328,4.8220320687615
33.119291935068496,56963.18146539722,766366.8039630777,107512.62847966947,5.213166174365632
29.238646793191013,56133.218055659665,684456.8106314263,106796.71069706918,5.243111891927254
25.275789125199747,55481.218476684924,536757.3399693635,105565.68371558416,5.327167979932518
31.16939456020668,56476.13026598254,827955.2296302092,107996.51823854302,4.936612098865212
30.33165126271743,55899.58136141191,807179.3183124469,107176.57276221988,4.872785848161901
31.302559367219317,56417.58232698921,685008.8255129529,106612.34800008083,5.198732749479393
27.819711158015604,55915.77251371431,585355.4220954821,106054.44916508194,5.27415818068731
35.1880854291774,57041.00131297637,858504.1600193749,107831.75124688509,5.49769607787929
28.72142046583285,55948.78743023864,679043.7089134124,106506.64155848695,5.3039743250058695
25.640095258870776,55448.47412618688,458640.8784781091,104353.04240764792,5.71694170766321
27.819711158015604,55915.77251371431,585355.4220954821,106054.44916508194,5.27415818068731
29.366879529988182,56074.15029833929,659304.628473771,106531.75419434851,5.546672966251802
32.41033765777907,56778.94057930929,753486.1784614238,107353.33228542545,5.002081928645883
34.10962556848692,56968.12491348289,928248.1345270084,108408.32216397056,5.178890700608395
31.766844943066484,56630.90539015047,620697.7534839853,106144.1930229942,5.101180732798568
32.902487116777145,56737.58516698785,768762.7991979403,107201.63632956202,5.228092551176821
28.852709775582465,56308.614887157986,481782.8215759658,104506.29618671209,5.823696445546467
31.67517275452295,56252.90751363887,949286.7755841429,108505.16938406849,5.132681482951581
24.709628782660722,55580.633913355225,514752.7397817328,105678.95158351939,5.114100044267657
31.82650152379138,56576.18221672405,676836.4732834316,106607.22378246926,4.970801886675028
34.96893923570993,57121.80892177515,741212.6616101819,106940.2623484591,4.961315103268372
36.268248156247665,57550.88318869565,888239.0878772985,108623.17399548486,5.135396055920972
34.50622263242207,57025.11127707795,665474.8099781314,106244.21717576019,5.0565366323485765
26.194596217915844,55651.13060268098,525748.3469856854,105379.73163735856,4.9021434475819845
28.426278750611907,55990.6017653987,641647.5544196551,106254.26036442544,4.7289534568990454
26.383796495011293,55631.432870710836,490386.08934453205,104649.99492451473,5.148342399056247
36.44545161195917,57389.04414301295,1079415.040204036,109464.44366758695,5.473194408728563
28.753783836355765,56631.88572069067,631213.5158817426,107032.70763743881,5.221315977458301
29.25762011064616,56454.47492734983,672283.8986671981,107110.84964540348,5.1423095339582074
31.09999623117938,56513.051256396466,864638.386278222,108211.02089948536,4.593966172091396
33.56496705109472,56936.954153979124,928216.0934305235,108741.71963038821,5.156015862535768
32.86847868706578,56803.14566108955,660763.9705817893,106211.03075809173,5.469362034212352
27.086606411449157,56074.146839837435,438097.7787791628,104297.5878418504,5.5706260076966405
41.10950322243632,57943.986540151134,851042.2321332161,107658.24915100727,5.639480296312841
36.822121226522725,57449.269800836184,981068.8678580481,109036.31282686192,4.907756721397186
41.4373129311621,57970.59901103062,1229196.3032297948,110187.87366426409,5.338066139431941
39.192523647728514,57512.22372387349,1135862.571186006,109492.09081819559,4.97340136940626
33.82176330604955,57035.703258858055,714135.2234758665,106866.32525042431,5.747037596924627
37.37747648297498,57409.68136587568,955756.4188068027,108484.2843669571,4.809571683250691
36.61349810754929,57373.890712731205,1104558.1298021055,109535.85469019949,4.728731294534823
26.34283030658442,56061.4837607666,495084.14969029796,105444.67443821554,5.227224941204563
38.124336900283126,57665.512482388454,974470.888662478,108837.5251928472,4.998733232624445
40.76235614995823,57828.492298615085,1144305.0120219556,109628.96816497557,5.073071108697737
34.961844903451954,57394.14625272633,880765.1998160937,108436.32699215658,5.36462393088904
32.8687235339139,57079.67168390258,636459.4943642241,106482.40166883072,4.904008171988241
28.124485600863444,55867.089302490225,692759.5083102729,106666.85066071319,5.297551752801289
32.02040895181932,56664.08652364199,796753.578673497,107780.99170142286,4.866769878620714
25.707178741835037,55449.92502266811,557138.3743163248,105566.36173337568,5.191900363805549
36.83137209723745,57492.149314578,997428.8701368257,109014.64507430008,4.957407817853858
29.319461283787547,56282.319857279894,742560.1308650407,107580.08947389974,5.119192402540676
32.40398547579434,56445.47157213043,1162522.041621606,109839.32575641952,4.916009146727943
22.18187537130258,54729.85198861956,505599.012867755,105380.45105038155,5.045975970370085
32.731926561604354,56801.93015612958,686221.6925247201,106679.78486352605,5.3105323334308165
31.031198094897317,56777.71254862444,643531.4278081281,106674.5954240994,5.11865120928632
32.62494829460307,56927.84644762048,708906.0236431987,106922.72228116682,5.698404868395865
35.98994145764449,57240.614010722675,878206.5260046762,107971.17359624579,5.451549142412212
31.63899973188766,56736.39121735141,907526.4386982406,108858.98750122906,5.020325253766391
27.400093325068312,56057.40304743525,603501.3465034668,106449.30101246719,5.25766735535127
43.9879325437806,58606.47263712495,1204532.3905587895,110184.31818497651,5.039908444892232
37.31279378243783,57508.07406125071,859969.005514458,107977.45759471635,5.219092011886401
27.46823270951807,55730.56069542334,623236.3659188171,106244.89456729489,5.41168675751951
34.396635709616525,56646.605287175116,1039879.2602080216,109036.50896878606,5.044985483282322
30.920098337428207,56589.39489096448,728891.2968789694,107313.78535795903,5.213758924723942
28.64212922038693,56113.00268373218,665540.2568804234,106809.16263599678,5.276660594670233
31.723494036801636,57010.33770255084,467771.5678894832,104807.97090811483,5.931522864314115
30.14084182703065,56974.23094903709,546136.276164041,105934.29291301237,5.3358762533178785
33.2168501228309,57590.632348114545,578056.4802592003,106359.5509239129,5.064381748990122
22.716674481203064,55363.23283284473,353153.86670534045,103543.21451488514,5.815565706781604
39.15781719394501,57673.36138455699,1123294.515170698,109480.39428182323,4.847724581317406
30.515844450400326,56326.23974110579,722555.4153425322,106879.16220074896,4.567356539929687
32.65858459794433,56940.12841352874,771263.3421004988,107732.85398723051,5.183443345617458
36.20055714262446,57567.43629645404,861636.4240123634,108254.22333716287,5.676927053952641
35.131504425174136,56808.91065490424,1113706.5529692834,109339.30797751986,5.376731888584174
35.05239205415785,57244.513025386645,676593.5696253876,106629.57388714199,4.911209953170414
34.64988996911832,57377.68079662273,744765.348779229,107438.01569407756,5.324802840389049
40.29502046217462,57363.157357845375,1382717.435992577,110258.35475785787,5.065556152302833
30.707172940914592,56955.09193928927,593345.1365274538,106615.36929312914,5.387880059968242
41.27621556667584,58130.07512628983,1181954.5741041563,110072.5596126576,4.981997206745739
29.589272760261768,56303.607972620666,548771.5345491217,105506.99457572446,5.075785529755091
32.27704921617923,56961.378097710854,705654.774279584,107079.86152328053,5.675578249987004
30.430611195266355,56296.99775154423,698885.0265941557,106842.37698665066,4.502737468764729
28.695136703309814,56002.76728518268,524799.7294164456,105057.0245609892,5.445327113271072
26.521454140603307,55916.15978104638,478592.16607945494,105011.37174502331,5.330435673852812
30.141218666338684,56300.91492045894,697319.419018391,106907.77569476399,4.6676709150230975
35.24433027747351,57010.107665122036,961504.7906250316,108559.8099351574,4.754050794568774
34.637811337110016,56818.39051397364,1119321.800613559,109495.16989915488,4.7630653262098885
35.757770172313656,57084.596980277565,1068484.2895948447,109268.71873000388,4.997305284192249
36.75861384292191,57333.10418717533,1018126.8875913244,109007.74648154582,4.885784045612738
35.29828439551395,57096.209648881435,931660.3928790251,108409.86229711722,5.216457196991241
35.62336546579355,57291.21805319014,929983.2888376263,108542.62043228073,5.055327372089949
28.55483769241568,56427.24765108394,482238.11730585364,105154.71310734343,5.2951782102364335
34.50237937231214,56873.00341510462,991068.1831100837,108758.2761050642,5.818196958023498
28.664557538874163,56458.69117509218,533419.7257798809,105662.64329264949,5.319300355092799
39.89583284838189,58064.13219339155,842797.3120568647,107635.6739588088,5.6175475208304215
32.69290773920448,57049.8966022575,676846.4831162051,106913.58343471431,4.917668125380842
33.40866865163043,56966.795826120106,728643.5012826491,107233.66535028355,5.258023561923959
26.99753668259159,56042.94600072184,496818.38761534344,105067.6075487688,5.340930516601547
32.95511503738056,56838.29858567658,766624.4624303741,107375.83375062008,4.814961645718183
35.26106337554889,57174.55426996079,722512.86794565,106739.6677559326,5.4948841645025945
39.09564466828469,57790.94353801686,962914.4293487401,108568.66495104265,5.387208621866728
34.68479637633232,57077.51882255832,818718.7959771903,107673.38214660721,5.294067606181376
36.26876430555901,57243.90875563549,857240.6078071686,107629.04385442394,5.34653358362312
26.453353945805837,55786.87772844855,427063.3172047757,103962.99832038367,5.772570263562557
26.453353945805837,55786.87772844855,427063.3172047757,103962.99832038367,5.772570263562557
24.217542824305816,55165.32602251036,463234.75912175013,104387.67434087623,5.4161700326315785
29.007681933378972,56186.27376095213,662287.4891899142,106678.27267139027,5.032739711399649
29.3265987622041,56397.48134969232,608535.4194227961,106213.74346127272,5.068347294093037
32.66188449658057,56955.05975100934,581521.3107075437,105803.59690577119,5.494121324440406
32.5159859244559,56978.87345123436,667085.5794029485,106834.10454699793,4.881330133315383
37.87830762437563,57519.8645576081,988754.8625961371,108861.55441895187,5.045586322188316
21.24763250751839,54756.472908639014,336171.8965427983,103132.71384094913,5.721352477267338
34.051444569191545,57359.90060721536,734902.671757081,107611.80338912738,4.918343233542368
26.96830164675149,56263.52210621522,522228.578967965,105826.23477374767,5.132097440324592
29.677714191238618,56586.79403992428,502582.85228113516,105266.54571991944,5.119863382979686
33.39219916220303,57028.332579107686,754616.0276488764,107450.08049218726,5.112479695899747
39.15543637760306,57571.331191131016,1205778.756760122,109911.86934007025,4.801729538662255
39.293741320099045,57526.77517741301,985501.0408767466,108456.11728847338,4.832816938004556
32.49454330495233,56939.55472925199,650631.6311909377,106678.54431847755,5.21027087785052
26.316228881607252,55517.8039369318,653676.1951589601,106454.58648475053,5.225055982646234
29.325764504902438,56706.531491910675,506854.67775620543,105394.70617345339,5.450790787894169
35.91053483426138,57555.55463275759,827799.6073853706,108086.30800338,5.109418125580572
37.86562729682305,57551.543791195545,1180488.15127038,110076.86053440919,4.998353699326442
45.30463396545576,58419.61596057656,1520628.9818130778,111355.66603100538,5.020728136134996
37.54855612655914,57590.7253201209,1069743.2170620316,109517.5695068992,4.755053608506886
36.098769117207425,57077.06619903792,935219.6095182507,108173.51296230502,4.793483815229666
33.424241863848046,56741.16716419328,843320.4744035667,107662.15913924713,5.193461141013711
30.804975952478475,56602.153285132496,726887.1037845692,107167.2587978394,5.0613951741793235
29.01172178507136,56276.20066034987,636879.6706027642,106645.61292988123,5.179948251670711
34.30912780819166,57289.68183708912,716825.9614838193,107105.43503274456,5.027378080156236
31.58089675833993,56735.7894215401,569771.8514933815,105515.4366104084,5.010816277833745
32.766841739883205,57088.510207608975,602104.7161121357,105943.5591949449,5.218354797612187
31.309121297857477,56870.8798660215,544089.6343765331,105767.44990924995,4.902957876971286
33.02659098230305,56932.95702492447,601647.5679067771,105722.72898813472,5.253766750450167
36.46032972488293,57412.38911262829,952926.1954942084,108746.27892859862,4.772633458245007
30.38037278996995,56402.59261555599,641911.9275408102,106296.0277855727,4.6492180603569215
38.97496661355987,57778.253433052334,948780.2206040843,108603.81885251585,4.95762369995323
26.04610205198371,55699.61287412757,522556.26307996805,105488.41137299291,5.033726530587976
28.15026485606872,56456.01026394251,493678.3966828554,105447.61172366803,5.316264129780407
30.056442248170192,56323.1281672865,719949.7762921018,107183.35698662333,4.802705260748779
31.473815293954484,56743.030649589695,649427.5147269955,106457.39512363139,5.152419355675766
31.468417710214567,56563.21661090482,649039.0890964906,106245.76538629814,4.683514981635841
30.480435441611313,56090.86851385602,849784.9825600542,107826.66884230345,4.888427615334221
28.87839991790623,56342.14683296003,540926.4634038132,105383.39172710537,5.446021993288866
26.669410100395925,55985.023953075724,547566.3547366293,105816.2627056893,5.362084418011783
26.669410100395925,55985.023953075724,547566.3547366293,105816.2627056893,5.362084418011783
26.836583526759885,55636.36715521397,682481.0794181012,106789.85095803902,5.455491801067619
29.33809759834913,56375.33004107033,503874.08214244933,104859.13834837267,5.164046075032625
31.432807697025638,56591.95229534737,537372.2843727401,105052.97665749773,5.591580986616563
30.81736984801276,56424.393756059755,658485.3108563898,106305.71580595084,5.087760832338174
38.90137157254588,57574.894411814865,1063021.5072064158,109226.94486363529,5.315853988112778
29.688323826429357,56265.369429163424,579000.944221454,105567.62711100599,5.180743742936771
29.688323826429357,56265.369429163424,579000.944221454,105567.62711100599,5.180743742936771
45.77088795287906,58532.2703158986,1078912.0205536226,108765.00400045043,5.062335554853587
35.63958795305451,57159.49678555537,1070615.6171832453,109470.08229658936,5.038518283496337
34.94005374165195,57280.64546409822,654281.9446062105,106366.96634857634,5.165094278914622
29.018296933142178,56310.23070637434,480452.77868279396,104642.18736290318,5.3824011531400835
29.018296933142178,56310.23070637434,480452.77868279396,104642.18736290318,5.3824011531400835
30.153767588911986,56582.458931080626,609363.7814981949,106434.50571065226,5.138551213473972
33.28253071758258,56970.16161462631,771065.3093932543,107481.65874470197,5.002243333790523
28.20970229870281,56277.66064078452,632215.0017397895,106647.22064686105,5.108653517664246
28.20970229870281,56277.66064078452,632215.0017397895,106647.22064686105,5.108653517664246
26.7564035610166,55523.64635653994,566563.0222864924,105352.8127276223,4.935207675032992
24.566949300599823,55276.64460745759,536724.0131895882,105636.5692903624,5.299138168304978
31.579691882058423,56633.24118824203,743900.4169341064,107392.23259633493,4.7803008423257065
36.53178258131475,57038.89113744385,1124314.6988873654,109487.10934385845,5.553667675618098
33.09418738189714,57118.61793057114,824007.6635433377,108130.19360350473,5.14143028657639
28.809804190903304,56147.77138657515,759344.755940105,107654.90959407017,5.271146391206174
33.93898395561782,56972.40803214196,900191.3758954558,108332.89677453351,4.744747262691265
24.143583485459494,55418.82104428903,446172.66289185657,104696.04957488274,5.307605683181316
30.707826727917187,56558.740223509405,648364.9402453527,106466.74446845139,4.489600796117865
25.96487136769662,56068.30742299849,424022.9524879068,104636.00680150505,5.269577582131174
35.159909355095415,57229.306765737,1023697.8552027851,109211.76431746679,4.857352858265268
41.232234832428645,57957.26519855786,1309507.9169948776,110387.83874079873,4.800246853587773
37.73983309636825,57375.810693008985,1184306.2908530724,109920.80273285879,4.924290703802577
37.27227729043813,57482.8693549706,980960.4115425402,108686.22487994135,5.548406586706197
37.73983309636825,57375.810693008985,1184306.2908530724,109920.80273285879,4.924290703802577
42.77803291679252,57897.76675792426,1233464.4859447808,109857.57662099888,5.114390039190916
37.73983309636825,57375.810693008985,1184306.2908530724,109920.80273285879,4.924290703802577
34.28823146182585,56812.9205962475,1236355.3188224314,110319.2628658359,5.104252186221848
33.95077816331826,56056.763120078656,1563744.4736174305,111101.613880491,6.064432021104048
35.74288108645239,57016.101524557605,1277272.5483218052,110373.61284541617,5.196838465343092
36.1375065211631,57102.02342967968,1371682.328457477,110985.57414709033,4.974616414587467
31.728145228588467,56695.177071180275,572302.1563109613,105591.03173571486,4.944218153669162
31.728145228588467,56695.177071180275,572302.1563109613,105591.03173571486,4.944218153669162
33.37374857123832,57031.765936603886,699419.242545075,107073.32749869127,5.317719338853417
33.07360903768473,56688.04747592619,821883.0916546336,107610.048556033,5.323827769828516
27.148442283220447,55894.00269710416,600173.7077052393,106182.14410344021,4.749360733514973
28.220294456217697,56314.490516821184,625985.1002250181,106845.07166300215,4.987965230344938
31.498376934540765,57004.59177630624,594643.9824623636,106318.48076423511,5.500896486019736
33.67068262955142,57118.112731077046,804725.3475585061,108033.93538270905,4.8519385968800846
39.03666720023241,57954.89814401306,1098748.4344777016,109673.67648996874,5.732196307325652
37.675535972245974,57987.546334354745,866294.1725752471,108590.0513711561,5.376953894274543
38.430096716052795,57682.61242876823,1211346.2696383346,110157.31345596498,5.117448461438466
37.71047368632985,57715.900684339125,990202.6207906455,109039.44528105881,5.4832429863017
33.99963826696927,57095.151598079436,654733.4373472809,106560.47601029272,5.406555410701782
35.35974010579533,57954.639132398464,520205.9539991149,105579.45365702352,5.226975540874083
40.71010991144062,57641.11708715878,1088403.132161173,109005.16575265683,5.016205464117903
39.22943463840827,57907.09164241437,891682.0853640684,108286.72840172319,4.972418280349496
33.37003836204431,56847.21095383932,637475.9957626568,106049.00455915519,5.687930576754575
30.935260298712315,56562.057626495065,504610.56782964105,104743.03464773847,5.693724068777604
32.60321669736376,57011.72463293969,777206.3626473823,107876.33437709474,5.15842626284273
35.82663066777234,57061.6245111526,1007551.9965259657,108951.60405484741,4.545056521840031
42.94067791065185,58235.237370601564,1091985.0653654363,109143.12724258055,5.524895566774794
32.57690715050156,57237.425127553666,557447.6567122046,105811.96633292748,5.958015718810788
27.449452641097146,56150.70652636564,522966.8738736787,105379.37005646453,4.849664512538281
28.584613537441165,56252.25052081422,661503.7826649476,106908.45072722461,5.227738099530025
29.166268975000992,56229.89449967738,733201.7497661179,107346.59978952825,5.348264653692637
29.279434893744885,55846.37049164033,783525.9196169853,107202.15352496157,5.072340867038784
28.92230941938057,56226.62417460068,731426.0467197909,107428.34664312012,5.068599031265151
25.948996289229534,56070.026625126215,478056.82868506457,105391.1656492136,4.982898118248271
30.148684513850217,56610.54926530328,472721.53315841866,104630.89901434066,5.461509760473565
31.554226744954526,56951.23170914645,531192.5536767076,105458.66958477911,5.55150324908579
32.69006739285595,56780.3425626339,747951.8580830034,107302.28885666374,4.470707325046712
32.29281723983149,56953.194663763665,648050.8532522465,106320.86043747448,5.215752908038548
39.253608815780666,58351.136756807355,537978.0957172536,105354.83453381884,5.618455150515061
35.70126132887226,56926.99786431404,986671.7118570872,108585.58862885601,5.377695343185577
28.851418785483727,56413.04110510239,549626.037168774,105800.0596541252,5.482608912853695
32.208358480353894,57064.01077007044,586735.6503356812,105797.90081870815,5.072467210306411
35.8432748183013,57376.565233187124,836028.0167588071,107907.38015639248,5.183601149299398
31.926012298794134,56752.67609672389,705538.6567893184,107135.59833547726,5.5218009578403064
37.04655979652555,57782.53691406139,930536.2462950267,108834.3866440589,5.454770043652482
34.66203512498613,57051.10892499222,912682.8370260451,108450.03879676004,5.0865671813095545
30.834629200141645,56377.0750411019,657032.8757543771,106296.21122615476,5.570464892408953
28.201333893352228,56062.57943738296,531330.772370673,105453.22007084942,5.309344842637572
36.67731198773898,57668.48076508231,810119.9934666281,107905.64833893864,4.995813871548586
38.686098758224595,57569.89844383636,1074808.198102371,109377.53024945263,5.018263712890564
33.12965975061869,56814.10929806083,795292.7599273587,107626.14262238888,5.304581076324844
31.12783683651643,56579.09041366943,515740.6436018451,104953.22848072059,5.180904171565384
33.89633778427101,57285.2364852456,598416.1138614153,106200.46155713015,5.517240055420691
32.929673562020405,56840.98841529335,832366.7973673814,107909.33655203973,5.174797556089048
34.603854058760064,57197.36394376911,820077.4943365043,107815.43623458162,5.765792108810279
33.063151462488605,56719.035498666206,845107.5299825518,107979.14603640586,5.554457662952295
35.864208026758256,57381.05380546763,673433.6736000802,106500.30074359366,5.1852215653198614
23.909719729108783,55036.55547640075,578385.8824143279,105949.6441010496,5.339098562281872
31.971520603493225,56586.229611209186,932440.4233901409,108717.51795976129,4.955257313682433
37.501750264329594,57579.0029398396,900134.0604620739,108382.42625698651,5.188238937377707
28.22613975249202,56560.75409819697,474458.88497198164,105025.70900794932,5.385137156680398
32.61488601876381,56823.58701243888,782393.6598236378,107595.7771281858,5.541996263868128
33.259099829947374,57388.72839091735,636878.8392276602,106745.48276853257,5.419780746951574
34.52765456432073,57279.3084085013,761875.1046171982,107509.86918672334,5.0995646363844465
34.71284158115649,57351.236876275376,740706.4966138217,107298.49078127353,5.621932997341353
34.71284158115649,57351.236876275376,740706.4966138217,107298.49078127353,5.621932997341353
35.57478708871875,57399.94907431481,778145.9755532863,107677.68695838054,5.08304602711493
33.49499329472604,57165.289122692084,749022.3753283777,107373.81922654729,4.8967448880800095
42.83117223342991,57740.90067774853,1392690.1712084466,110288.57652863345,5.593676740421135
30.72079410854632,56359.934342628825,1044534.7574644153,109683.82880275372,5.356309835041036
32.1173944518545,56419.94747710969,1101338.0740972594,109700.36132710181,5.79166250035378
47.470706937016445,58623.59736970459,1336694.0387973678,110304.56194066087,5.277261600638611
61.4517631720691,59576.415258622,2242383.910749495,112774.23279735979,5.903916966754565
28.153852374975592,55774.59855508436,856728.8592359966,108105.20146955104,4.9196809487097175
30.950762578591455,56412.907203245355,778830.5286579782,107576.9873947953,4.762305007848876
40.92433646692285,57919.04064581631,1249831.9812118495,110240.2534399694,5.135945729106948
43.46342119771361,58938.687556838035,660999.7412251973,106490.38526407423,5.358254982677729
25.93693202095722,55345.873690936576,592286.0887162238,105903.52601777851,5.133371028962534
38.26441109620181,57650.632934206726,759821.889769098,106912.94426540595,5.213110033494442
31.34959994660622,56541.97572777953,631382.9035410804,106185.46667259742,5.338058690255446
32.03254837357206,56664.91907990376,640534.5440547534,106174.29350086789,5.698563657996204
38.16581990662668,57947.74494530299,757595.5543667502,107552.76270097774,5.500781361143529
40.36325488614985,57944.36450437426,1021163.5023945724,108824.52773733748,5.135415408512481
31.411175895368224,56870.330553745334,513625.4625526811,105024.22579392779,5.260752064156605
33.12782969436847,57204.85303994293,693107.6377914681,106957.62713248192,5.642194810381165
30.867895622485822,56190.390293718476,662878.1379482277,106232.36459952645,5.018350697148816
38.95736552721561,57526.43558124168,971081.3760172873,108278.35849852712,5.49881155508114
32.19332407630399,56761.54056637022,718291.0989754935,106968.95200437789,5.214575235007959
45.7834692724763,58522.74014837857,1334326.8633779776,110473.40665844973,5.102996596180502
36.59981081542527,57276.86536118656,1095243.957853131,109454.21860505013,5.448127089518057
45.70566435559573,58727.54476998165,1503847.4876438803,111604.16467946686,5.190835260037453
49.28811530606144,59445.61635419532,989363.9641627683,108802.54269858562,5.498831000805663
37.701422425617984,56948.46559443867,1338753.8715218063,110069.28571934272,5.070032169887415
37.55061906340302,57385.46580092189,1122088.3384308377,109417.5142081027,5.556356339425544
39.40229311124066,57319.64639090718,1470337.445250386,110874.90558058608,5.729842041421206
44.33955311307627,57825.31375021845,1650954.6739735426,111456.60091173787,5.299640511992482
37.284972918707034,57893.29775810367,564840.2504578087,105635.18841901481,5.952778969790829
48.98026299800657,58328.92165013096,1753200.941699174,111468.62163302817,5.378918991570334
35.8404007070924,57071.85942944196,950249.4187335583,108381.45257239262,5.278325319167897
36.25118207565827,57393.40993976133,969224.406963472,108797.35364100548,5.646044690271802
47.00730064673513,58751.3093087303,1442601.7686470724,111125.06785755006,5.47780857101501
41.14049758347791,58175.78035008526,1509051.6307350523,111641.83055902716,5.034542238846709
42.84781336844878,58262.291311980276,1240403.8721090974,110214.8074412741,5.299325733759042
37.18686723967762,57648.863784103254,833063.3176466117,107873.73312685502,5.332130503590313
43.33218719632627,58306.1917298621,1691277.7124414714,112433.97368284431,5.900520633119817
46.5516171086436,58933.78861673049,1286293.381908123,110406.64767309865,5.341208025434035
46.021848259284575,58308.942718695,1761336.0862616063,112078.9331400983,5.965915701369559
44.296926922113904,57937.33763936998,1474601.168397739,110708.57596054548,5.408464718441341
22.80348827182563,55283.48250704424,384150.45187735,103963.3572933066,5.733758627700545
29.854841306671062,56724.29520219075,663841.796502332,107105.8941126529,5.550332962226083
30.48160842017935,56514.821882981116,785828.9326805595,107762.47830618107,5.068001535203483
32.798949895176236,56967.07515325266,918155.6303894778,108820.22924474241,5.146689578678443
32.10725643987193,57262.93829866813,524525.4270823804,105455.250627284,5.772306790633838
34.42832520448757,57181.14111398196,793332.7423840124,107688.80112727963,5.673382246290098
34.629433680298284,57317.64355412557,780109.914870498,107834.74605707308,5.308595208911858
29.252040510372744,56058.57121298144,701146.202139743,106892.40432501612,5.574731335796255
32.67955272231898,56687.65735342027,908962.1000836937,108519.59070890292,5.155777226911506
33.783371700031,56869.52234125621,853617.642649999,107854.4595741905,5.7547538782307015
36.21027248034648,57463.699639344035,833271.0260371844,107984.27966956448,5.241812206233889
38.128382760401266,57660.85298945552,872903.7310122877,107882.77262197396,5.4652053124168285
48.468702825471496,59100.688207984495,1520825.2579802102,111677.46619980497,5.414584826399704
27.75284708377181,55915.78884646816,633528.826366402,106497.7782023414,5.38697969887804
30.31136612903839,56742.29321344448,627001.1463351242,106569.52619841066,5.109077945833732
34.5418344522007,56883.891073312916,1087369.9035358285,109378.21360902791,5.3299036813666785
33.727190316853395,56743.114403153886,1324502.2066308404,110776.70085936222,5.276468146620502
23.957224267242587,55540.4490329284,378761.8183086942,103868.09590854654,5.845880474133453
34.974122399251044,57142.833481244066,918429.0661480092,108275.21207025052,5.123009567059362
41.495870338656125,57978.885868979174,1111197.8730186538,109222.19496763506,5.132856306141011
57.72123844731618,59883.543041957964,1903903.2606993972,112599.9302180746,5.5078348451523125
39.031764703770364,57153.46304140852,1370644.8030896564,110342.20905170946,4.930795006493218
46.70608956849098,58541.96377246881,1327025.1529002457,110303.69555289276,6.14675629717714
51.14378444503256,59034.253740102235,1736068.1612551846,111934.54989070215,5.538474168013044
41.37773347671796,58214.30206240186,1294652.6388000431,110678.92657752676,5.686169687128801
49.04634644120754,58835.525706749235,1521586.9617284036,111173.27122457695,5.76474579360147
34.96271049246699,57725.39062229729,791704.0082283817,108254.9693624745,5.350616255704569
34.844217490854405,56957.764470534,708590.0034555695,106405.99030523887,5.544783891493411
37.2058283764567,57893.382159034554,893566.3769066666,108659.74384075847,5.5450478106902255
35.4705204497502,57334.149493228906,861089.5681868129,108233.30905048228,5.784051876492054
33.73227012798148,57030.84295673016,742917.640266633,107152.56770777518,5.300322855186906
41.136910728821654,58004.908783336105,1237632.4851861952,110319.81851333985,5.251095866122818
37.443947140212174,57743.82622287001,829626.5496597162,107904.46455150198,5.1582764949018305
46.103332165445764,58755.906727867485,1206157.9300674936,110119.57037221729,5.8649697056194325
49.55747109188978,59030.37537643522,1989130.2218310754,113201.9201811357,5.4384359350057965
36.549509880959924,57439.92038710443,816722.917729651,107717.37046940177,5.2909014010273605
48.30426750853579,58937.2008681344,1549502.201590468,111655.94998355958,5.2869186260676075
43.23697293919483,58575.65433900924,1232707.3344109175,110473.76566497642,5.004789707856906
28.68952450796958,56378.138465275675,711696.4790190782,107543.21165748536,5.890233003564349
44.20683864609795,58233.5729514886,1259923.8352654057,110081.95391281506,5.220846169947369
45.172258123479025,58410.9476471722,1703299.025834576,112002.99914303361,5.901994878598542
43.68557798293366,58319.59339738254,1282177.410220485,110372.08712496315,5.018579945717459
56.403517731935395,59320.715465172616,2642959.161734593,114346.53355168326,5.607416467858517
46.4749398597124,59237.813608974786,841418.4512197679,107914.50999514815,6.118989600175642
