0,1,2,3,4,5,6,7,8,9,10,11,12,13,14,15,16,17,18,19,20,21,22,23,24,25,26,27,28,29,30,31,32,33,34,35,36,37,38,39,40,41,42,43,44,45,46,47,48,49,50
8.330638,8.235225,8.140734,8.048172,7.9587045,7.873664,7.7945476,7.7230086,7.6608224,7.6098237,7.5717993,7.5483236,7.540539,7.548883,7.572831,7.6107235,7.6597905,7.7164373,7.7767587,7.837135,7.8947163,7.9476566,7.995085,8.036897,8.07349,8.10552,8.133719,8.158793,8.181361,8.201937,8.22093,8.23866,8.255365,8.271223,8.286357,8.30085,8.314754,8.3280945,8.340875,8.353082,8.364686,8.375644,8.3859,8.395382,8.404008,8.411677,8.418265,8.423621,8.42754,8.429729,8.429729
8.045011,7.946573,7.852288,7.763694,7.6825156,7.6106415,7.550075,7.5028405,7.4708242,7.455545,7.4578433,7.477552,7.513216,7.562021,7.6200333,7.682772,7.745951,7.8061323,7.861076,7.909738,7.9520216,7.988434,8.019781,8.046949,8.07077,8.091964,8.111119,8.128698,8.145057,8.160461,8.175107,8.189135,8.2026415,8.2156925,8.228328,8.240566,8.252413,8.263857,8.2748785,8.285447,8.295525,8.30506,8.313998,8.32227,8.329798,8.336489,8.342236,8.346902,8.350312,8.352215,8.352215
7.612355,7.51854,7.433474,7.3593187,7.2983627,7.252901,7.2250204,7.2162795,7.227293,7.257294,7.3038316,7.3628163,7.429054,7.4971642,7.562566,7.622123,7.6742887,7.7188253,7.7563434,7.7878675,7.8145256,7.8373656,7.8572783,7.8749776,7.891016,7.90581,7.919666,7.9328065,7.9453917,7.9575324,7.9693055,7.98076,7.991927,8.002821,8.013446,8.023793,8.033851,8.043596,8.053003,8.062038,8.070661,8.078825,8.086479,8.093562,8.100006,8.10573,8.110641,8.114623,8.11753,8.11915,8.11915
7.305987,7.225875,7.160695,7.113105,7.0855336,7.079769,7.096401,7.1342287,7.189873,7.257929,7.3318276,7.4051867,7.473067,7.532602,7.5828834,7.6243925,7.6583476,7.686197,7.7093177,7.7288804,7.7458143,7.760828,7.7744446,7.787045,7.7988997,7.810201,7.821083,7.8316364,7.841923,7.8519826,7.861839,7.871503,7.8809786,7.890261,7.899341,7.908204,7.9168305,7.9251976,7.933278,7.9410405,7.948448,7.955461,7.9620314,7.9681077,7.97363,7.97853,7.982727,7.986125,7.9886,7.9899755,7.9899755
8.611589,8.22697,7.978176,7.9781127,8.158395,8.329532,8.451593,8.548053,8.634765,8.718042,8.800109,8.881732,8.963175,9.044531,9.125832,9.207086,9.288295,9.369459,9.450577,9.531645,9.61266,9.693622,9.774525,9.855367,9.936145,10.016857,10.097498,10.178065,10.258554,10.338962,10.419281,10.499506,10.579629,10.659641,10.739529,10.819273,10.8988495,10.978221,11.057333,11.136106,11.214414,11.292074,11.368803,11.444169,11.517516,11.587838,11.653597,11.712409,11.760477,11.791246,11.791246
8.3315115,7.981063,7.872466,8.024998,8.213098,8.3409195,8.433181,8.51209,8.586449,8.659221,8.731368,8.803205,8.874832,8.946284,9.0175705,9.088693,9.159649,9.230437,9.301056,9.371502,9.441772,9.511865,9.581778,9.651507,9.721051,9.790406,9.859571,9.928542,9.997316,10.06589,10.134261,10.202424,10.270374,10.338105,10.405608,10.472873,10.539882,10.60661,10.673022,10.739059,10.804637,10.869617,10.933791,10.996829,11.058219,11.117158,11.172394,11.221949,11.262622,11.288822,11.288822
7.982735,7.7173457,7.7813993,7.9936233,8.141373,8.234736,8.307528,8.373683,8.43766,8.500811,8.563544,8.625984,8.688169,8.750108,8.811805,8.873258,8.934465,8.995425,9.056137,9.116599,9.176807,9.236762,9.29646,9.355901,9.415083,9.474003,9.5326605,9.591055,9.649181,9.707041,9.76463,9.821947,9.878988,9.935751,9.9922285,10.048414,10.104298,10.159861,10.21508,10.269914,10.324299,10.378134,10.431261,10.483426,10.534225,10.58302,10.628789,10.669903,10.703696,10.7255125,10.7255125
7.587559,7.4736037,7.689797,7.8800464,7.9837966,8.053269,8.112489,8.168671,8.223807,8.278447,8.33274,8.386727,8.440422,8.493825,8.546937,8.599757,8.652285,8.704517,8.756456,8.8081,8.859447,8.910496,8.961247,9.011702,9.061855,9.111711,9.161265,9.21052,9.259472,9.308124,9.356472,9.404517,9.452257,9.499691,9.546815,9.593625,9.640114,9.68627,9.732076,9.7775,9.822497,9.866989,9.910852,9.953888,9.995773,10.035991,10.073707,10.107574,10.135386,10.153308,10.153308
10.90918,10.78067,10.666865,10.571301,10.498568,10.454321,10.445135,10.478078,10.559878,10.695581,10.88676,11.129713,11.414531,11.726043,12.046907,12.361693,12.659914,12.936719,13.191612,13.426489,13.64404,13.846853,14.037062,14.216297,14.385768,14.546361,14.698736,14.843394,14.980727,15.1110525,15.234635,15.351704,15.462459,15.567076,15.665712,15.758505,15.84557,15.927004,16.00288,16.073246,16.138119,16.197483,16.251287,16.299429,16.341763,16.378077,16.40809,16.431437,16.447647,16.45613,16.45613
9.957244,9.853209,9.831852,9.907565,10.088882,10.370342,10.72562,11.11051,11.479904,11.806531,12.085013,12.3228035,12.530336,12.716256,12.886496,13.044811,13.193516,13.334038,13.467292,13.593887,13.71426,13.828742,13.937606,14.041087,14.139398,14.232735,14.321283,14.405221,14.484718,14.5599375,14.631032,14.69815,14.76143,14.821,14.876981,14.92948,14.978593,15.024402,15.066975,15.106363,15.142599,15.175694,15.205638,15.232394,15.255894,15.276035,15.292676,15.305621,15.314617,15.319332,15.319332
9.158108,9.234218,9.475671,9.8618555,10.3208,10.75599,11.109059,11.378726,11.589068,11.762801,11.914452,12.052061,12.179861,12.300074,12.413899,12.522027,12.624887,12.722783,12.815947,12.904575,12.98885,13.068937,13.144999,13.217189,13.285659,13.350556,13.412024,13.470196,13.525207,13.577182,13.626242,13.672501,13.7160635,13.757031,13.795494,13.831534,13.865224,13.896626,13.925793,13.952763,13.977563,14.000204,14.020682,14.038975,14.0550375,14.068803,14.080176,14.089028,14.095186,14.09842,14.09842
8.477713,8.828475,9.367613,9.929007,10.360082,10.646539,10.841744,10.989945,11.114596,11.226453,11.33025,11.428093,11.520963,11.609361,11.693579,11.773818,11.850243,11.922996,11.992215,12.058033,12.120579,12.179978,12.236358,12.289838,12.340536,12.388569,12.434047,12.477075,12.517757,12.55619,12.592465,12.626671,12.658887,12.689189,12.717645,12.744316,12.769257,12.792515,12.814126,12.834121,12.852516,12.86932,12.884527,12.89812,12.910063,12.920304,12.928772,12.935369,12.939963,12.942384,12.942384
6.7215104,6.7142177,6.7097898,6.7072773,6.7060456,6.705672,6.70587,6.706445,6.70726,6.7082186,6.7092533,6.7103148,6.711368,6.712389,6.7133594,6.7142673,6.715104,6.7158637,6.7165437,6.717141,6.717656,6.7180886,6.7184386,6.7187085,6.718899,6.7190113,6.719048,6.71901,6.7188993,6.718717,6.718465,6.7181435,6.717754,6.717297,6.7167726,6.7161803,6.71552,6.71479,6.7139893,6.713116,6.7121677,6.711142,6.7100377,6.7088537,6.707595,6.706273,6.7049155,6.703583,6.702393,6.7015777,6.7015777
40.32906,40.288326,40.258194,40.235798,40.219013,40.20632,40.19663,40.189133,40.183258,40.17857,40.17475,40.17156,40.168804,40.16635,40.164093,40.161945,40.15985,40.157757,40.155624,40.15343,40.151154,40.148773,40.146286,40.143677,40.140945,40.138084,40.135094,40.131973,40.12872,40.125336,40.12182,40.118176,40.114403,40.1105,40.10647,40.102306,40.098015,40.09359,40.089024,40.08432,40.07947,40.074474,40.06933,40.064034,40.05861,40.053104,40.047623,40.042377,40.037792,40.0347,40.0347
51.531574,51.49184,51.460022,51.43443,51.413662,51.396633,51.3825,51.37062,51.360508,51.351772,51.34412,51.337315,51.33118,51.325565,51.32036,51.315468,51.310814,51.306347,51.30201,51.29777,51.2936,51.289463,51.28535,51.281242,51.277126,51.27299,51.268826,51.26463,51.260395,51.256115,51.25179,51.247414,51.242985,51.2385,51.233955,51.22935,51.22468,51.219948,51.215145,51.210266,51.205315,51.200283,51.195175,51.19,51.18478,51.179565,51.174458,51.16965,51.16553,51.162804,51.162804
57.05854,57.019386,56.98752,56.961464,56.939957,56.921993,56.9068,56.89378,56.88247,56.87251,56.86362,56.85558,56.848217,56.841393,56.835003,56.828957,56.82318,56.817627,56.81225,56.807003,56.80187,56.796814,56.79183,56.786892,56.781994,56.777122,56.77227,56.767433,56.762608,56.757786,56.752968,56.748154,56.74334,56.73853,56.733723,56.728916,56.724113,56.71932,56.71453,56.70976,56.705006,56.700275,56.695583,56.690945,56.686382,56.681942,56.677708,56.673817,56.67055,56.668427,56.668427
60.336468,60.30057,60.270702,60.245773,60.224804,60.20699,60.191685,60.178387,60.1667,60.156307,60.14696,60.138466,60.130665,60.12343,60.116657,60.110268,60.104195,60.098385,60.092793,60.08738,60.08212,60.076984,60.071957,60.06702,60.06216,60.057365,60.052628,60.04794,60.043293,60.03869,60.034115,60.02958,60.02507,60.020596,60.016148,60.01173,60.007347,60.002995,59.998684,59.994415,59.990192,59.98603,59.981934,59.977924,59.974022,59.97027,59.966732,59.96353,59.960876,59.95917,59.95917
65.53472,65.51033,65.48897,65.47028,65.45389,65.43941,65.42653,65.414986,65.404564,65.39508,65.386375,65.378334,65.37086,65.36385,65.357254,65.351006,65.345055,65.339355,65.333885,65.328606,65.3235,65.318535,65.31371,65.309,65.30439,65.29987,65.29545,65.29109,65.28681,65.28259,65.27844,65.274345,65.2703,65.26632,65.26239,65.258514,65.2547,65.25094,65.247246,65.24362,65.240074,65.23662,65.23325,65.23001,65.22691,65.22399,65.2213,65.21892,65.216995,65.2158,65.2158
7.189582,7.191683,7.1939354,7.1962857,7.1986837,7.2010884,7.2034683,7.2057996,7.208065,7.2102523,7.212352,7.2143583,7.2162676,7.2180777,7.219788,7.2213984,7.2229095,7.224323,7.2256393,7.226862,7.2279916,7.2290306,7.2299805,7.230844,7.2316227,7.232318,7.232931,7.233464,7.2339163,7.2342906,7.234586,7.2348027,7.23494,7.234998,7.234975,7.234868,7.234676,7.2343946,7.2340207,7.2335496,7.2329764,7.232296,7.231504,7.2305975,7.229578,7.2284565,7.227261,7.226052,7.22495,7.224185,7.224185
43.137493,43.13965,43.142338,43.14547,43.148926,43.1526,43.156395,43.160225,43.164032,43.167763,43.17137,43.17483,43.178116,43.181206,43.18409,43.186756,43.1892,43.191418,43.193405,43.19516,43.196686,43.197983,43.19905,43.199898,43.20052,43.20092,43.201103,43.20107,43.200817,43.200348,43.199665,43.198757,43.197628,43.196274,43.194683,43.192844,43.190754,43.188393,43.185745,43.182793,43.17951,43.175873,43.17186,43.167458,43.162663,43.157516,43.152122,43.146736,43.141857,43.138485,43.138485
60.85717,60.85736,60.857708,60.85824,60.85893,60.859737,60.860626,60.861557,60.86249,60.863396,60.864254,60.865036,60.865726,60.866314,60.866783,60.86713,60.867344,60.867424,60.867363,60.867165,60.86682,60.866333,60.865704,60.864933,60.86402,60.862972,60.86178,60.860447,60.85898,60.85737,60.855618,60.853725,60.851692,60.84951,60.847176,60.844685,60.842026,60.839188,60.836163,60.832935,60.829487,60.825798,60.821857,60.817654,60.813187,60.808487,60.803646,60.798878,60.794605,60.791664,60.791664
64.437004,64.437325,64.437645,64.43801,64.43842,64.438866,64.43932,64.43977,64.4402,64.44058,64.4409,64.44115,64.44131,64.441376,64.44133,64.441185,64.440926,64.44055,64.440056,64.439445,64.43871,64.43787,64.4369,64.43581,64.4346,64.43328,64.43185,64.4303,64.428635,64.42686,64.42496,64.42295,64.42082,64.41857,64.4162,64.413704,64.411064,64.40828,64.40534,64.40224,64.39896,64.39548,64.39179,64.38789,64.38377,64.37948,64.375084,64.37077,64.36693,64.36429,64.36429
69.90371,69.90446,69.90499,69.90537,69.90564,69.90579,69.90585,69.90582,69.9057,69.90549,69.90519,69.90479,69.90431,69.90373,69.90307,69.902306,69.90146,69.90051,69.89948,69.89837,69.89716,69.895874,69.89449,69.893036,69.8915,69.889885,69.88819,69.88641,69.88457,69.882645,69.880646,69.87857,69.87642,69.87418,69.87187,69.869484,69.867004,69.864426,69.861755,69.85898,69.85609,69.85307,69.84993,69.84666,69.843254,69.839745,69.836205,69.83277,69.82974,69.82769,69.82769
50.655983,50.658737,50.661446,50.664116,50.666748,50.66934,50.671886,50.674397,50.676865,50.679295,50.681683,50.684036,50.686344,50.688618,50.690845,50.69304,50.695187,50.697296,50.699368,50.701393,50.70338,50.705322,50.70722,50.70907,50.710876,50.71263,50.714336,50.71599,50.717587,50.71912,50.720592,50.721996,50.723324,50.724567,50.725723,50.72678,50.72773,50.728558,50.729248,50.72979,50.730164,50.730354,50.73034,50.73011,50.72965,50.728962,50.72807,50.727043,50.72602,50.72527,50.72527
59.193356,59.195194,59.197006,59.19879,59.200554,59.202293,59.204006,59.205696,59.20736,59.209,59.210617,59.212208,59.213776,59.215317,59.216835,59.218327,59.21979,59.221233,59.222645,59.224033,59.225395,59.226727,59.22803,59.229305,59.23055,59.23176,59.232937,59.234077,59.23518,59.23624,59.23726,59.238228,59.239147,59.240005,59.2408,59.241524,59.242172,59.24273,59.243183,59.24353,59.24375,59.243835,59.243763,59.24353,59.24312,59.24254,59.241802,59.240967,59.240143,59.23954,59.23954
59.098648,59.100735,59.10279,59.104824,59.10683,59.10881,59.110767,59.112698,59.1146,59.116478,59.11833,59.120155,59.121956,59.12373,59.125477,59.127197,59.12889,59.130558,59.132195,59.13381,59.135387,59.13694,59.138466,59.139954,59.141415,59.142838,59.144226,59.145576,59.14689,59.148155,59.149372,59.150543,59.151657,59.15271,59.153694,59.154602,59.155426,59.15616,59.156784,59.15729,59.157665,59.15789,59.15795,59.157837,59.15753,59.157043,59.15638,59.1556,59.154808,59.15422,59.15422
75.98398,75.98495,75.98591,75.98686,75.987816,75.988754,75.98969,75.99062,75.99155,75.99246,75.99337,75.99427,75.99517,75.996056,75.99694,75.99782,75.99869,75.99954,76.0004,76.00124,76.00208,76.00291,76.00373,76.00454,76.00534,76.00613,76.006905,76.007675,76.00843,76.00917,76.00989,76.0106,76.011284,76.01195,76.01258,76.01319,76.01377,76.01431,76.01481,76.01525,76.01565,76.015976,76.016235,76.01641,76.01651,76.01651,76.01642,76.01626,76.01606,76.01589,76.01589
84.42664,84.4273,84.42796,84.42862,84.42927,84.429924,84.43057,84.43122,84.43186,84.4325,84.43314,84.433784,84.43442,84.43505,84.43568,84.43631,84.43693,84.43755,84.43817,84.43879,84.4394,84.44001,84.44062,84.44122,84.44182,84.44241,84.44301,84.443596,84.444176,84.44475,84.44531,84.44588,84.44643,84.44697,84.447495,84.44801,84.44852,84.449005,84.44947,84.44991,84.450325,84.450714,84.451065,84.45137,84.45164,84.45184,84.452,84.4521,84.45215,84.452156,84.452156
41.13243,41.12842,41.124622,41.12108,41.117775,41.114674,41.111736,41.108917,41.106182,41.103497,41.100834,41.098167,41.095486,41.09277,41.090008,41.08719,41.08431,41.08136,41.07834,41.07525,41.07208,41.068836,41.065517,41.062126,41.058662,41.055126,41.05152,41.047848,41.04411,41.04031,41.03645,41.03253,41.02856,41.024536,41.020462,41.016342,41.012177,41.00797,41.003727,40.999447,40.995136,40.990803,40.986454,40.982105,40.977776,40.97352,40.96941,40.965603,40.962383,40.960274,40.960274
46.746235,46.741318,46.736885,46.733,46.72965,46.726776,46.724316,46.72221,46.720398,46.718838,46.717476,46.716278,46.715218,46.71426,46.713383,46.712574,46.71181,46.711086,46.710384,46.709698,46.70902,46.708344,46.707664,46.706978,46.706284,46.705574,46.704845,46.7041,46.70334,46.702553,46.701744,46.70091,46.700047,46.699158,46.698235,46.697277,46.696278,46.69524,46.694157,46.693016,46.691822,46.69056,46.689224,46.687817,46.686325,46.68476,46.683147,46.681545,46.6801,46.67909,46.67909
60.810314,60.80933,60.808132,60.806763,60.805256,60.803635,60.801918,60.80012,60.79826,60.796333,60.79436,60.792343,60.790287,60.788193,60.78607,60.78392,60.781746,60.779552,60.777336,60.7751,60.772854,60.770588,60.76831,60.76602,60.76372,60.76141,60.75909,60.756767,60.754433,60.752094,60.749752,60.74741,60.74506,60.74271,60.74036,60.73801,60.735664,60.733322,60.730988,60.72866,60.72634,60.724037,60.721756,60.7195,60.717285,60.715137,60.71309,60.711216,60.70965,60.708633,60.708633
71.13158,71.12977,71.12795,71.12612,71.12429,71.12245,71.120605,71.11876,71.1169,71.115036,71.11317,71.1113,71.10941,71.10754,71.105644,71.10376,71.10186,71.09997,71.09807,71.09616,71.09426,71.092354,71.09045,71.08853,71.086624,71.08472,71.0828,71.080894,71.078995,71.07709,71.07519,71.073296,71.0714,71.06953,71.06766,71.065796,71.06396,71.062126,71.060326,71.05855,71.0568,71.0551,71.05344,71.05184,71.050316,71.04889,71.04758,71.04644,71.04554,71.04499,71.04499
44.844177,44.84751,44.850487,44.85315,44.855526,44.857635,44.859493,44.86112,44.86252,44.863705,44.864685,44.865467,44.866062,44.866474,44.866707,44.86677,44.866673,44.866413,44.866,44.865437,44.864727,44.86388,44.862892,44.861774,44.860527,44.85915,44.85765,44.85603,44.85429,44.852432,44.850456,44.848362,44.846153,44.843826,44.841377,44.838806,44.83611,44.833282,44.83032,44.827213,44.823956,44.82054,44.816967,44.813236,44.809364,44.805386,44.801395,44.797558,44.794212,44.791973,44.791973
51.950287,51.952885,51.95518,51.957207,51.95899,51.960545,51.961887,51.96303,51.963985,51.964764,51.965366,51.96581,51.9661,51.966236,51.96623,51.966084,51.965805,51.965397,51.964863,51.964214,51.963444,51.962566,51.961575,51.96048,51.959282,51.95798,51.956585,51.95509,51.9535,51.951817,51.95004,51.94817,51.946205,51.94415,51.941994,51.93974,51.937386,51.934925,51.93235,51.92966,51.926846,51.923897,51.92082,51.917603,51.914265,51.910835,51.907387,51.904068,51.90117,51.899223,51.899223
59.288372,59.289597,59.290627,59.291473,59.292156,59.29268,59.293056,59.29329,59.293392,59.29337,59.29323,59.29297,59.2926,59.29212,59.291546,59.29087,59.2901,59.28924,59.288296,59.287262,59.28615,59.284958,59.283688,59.282345,59.28093,59.279446,59.27789,59.276268,59.27458,59.272823,59.271004,59.26912,59.26717,59.265156,59.263073,59.260918,59.258694,59.256397,59.254017,59.251556,59.24901,59.24637,59.243637,59.24081,59.2379,59.23494,59.231987,59.229164,59.22671,59.225075,59.225075
66.51258,66.51263,66.51258,66.51244,66.51222,66.51193,66.51156,66.511116,66.51061,66.51003,66.5094,66.5087,66.50794,66.507126,66.506256,66.50533,66.504364,66.503334,66.502266,66.501144,66.499985,66.49877,66.49752,66.49623,66.494896,66.49352,66.49211,66.49066,66.489174,66.48764,66.48608,66.484474,66.482834,66.481155,66.47944,66.47768,66.475876,66.47403,66.47214,66.47019,66.46819,66.46614,66.464035,66.46187,66.45966,66.45743,66.45522,66.453125,66.45132,66.45011,66.45011
73.90287,73.90156,73.90023,73.898895,73.89754,73.896164,73.89478,73.89338,73.891975,73.89055,73.889114,73.887665,73.8862,73.88473,73.88325,73.88175,73.88025,73.87873,73.877205,73.87566,73.874115,73.87256,73.870995,73.86942,73.867836,73.86624,73.86464,73.86303,73.86142,73.859795,73.85816,73.85653,73.85488,73.85323,73.85158,73.84992,73.84826,73.846596,73.84493,73.84326,73.8416,73.839935,73.83829,73.836655,73.835045,73.83349,73.83201,73.830666,73.82956,73.82885,73.82885
46.786587,46.78903,46.791348,46.79355,46.795628,46.797596,46.799454,46.801205,46.80285,46.804386,46.805824,46.807163,46.808403,46.809544,46.810593,46.81155,46.812412,46.813187,46.813873,46.81447,46.81498,46.815403,46.815742,46.815994,46.816162,46.816242,46.81624,46.816147,46.815964,46.815693,46.81533,46.81487,46.814304,46.813637,46.81286,46.811962,46.810936,46.809772,46.80846,46.806988,46.805344,46.803505,46.801468,46.799225,46.796772,46.79414,46.791386,46.788654,46.7862,46.78453,46.78453
54.502018,54.503292,54.504486,54.5056,54.506634,54.507595,54.50848,54.509293,54.510033,54.5107,54.511303,54.511833,54.5123,54.512695,54.513027,54.513294,54.5135,54.513638,54.513718,54.513733,54.513683,54.513577,54.51341,54.513176,54.512886,54.51253,54.51211,54.51163,54.511086,54.510475,54.509792,54.50904,54.508213,54.507305,54.506313,54.50523,54.50405,54.50277,54.50137,54.499847,54.498184,54.49638,54.494415,54.492287,54.489998,54.487576,54.48507,54.482605,54.48041,54.478924,54.478924
62.28802,62.287926,62.287785,62.287605,62.287388,62.28713,62.28683,62.286495,62.286125,62.285713,62.285267,62.284782,62.284264,62.283707,62.283115,62.28249,62.28183,62.28113,62.280403,62.279636,62.278835,62.278004,62.277134,62.27623,62.275295,62.27432,62.27331,62.272266,62.271187,62.270065,62.268906,62.267704,62.266457,62.265163,62.263824,62.26243,62.26098,62.259464,62.257885,62.25623,62.254498,62.252674,62.250763,62.24876,62.246674,62.244522,62.242355,62.240273,62.238457,62.237247,62.237247
70.07403,70.072754,70.071465,70.07016,70.06885,70.06752,70.06618,70.06483,70.06346,70.06209,70.0607,70.059296,70.057884,70.05646,70.05502,70.05357,70.05211,70.05064,70.04916,70.04766,70.04615,70.04463,70.0431,70.04156,70.04,70.03844,70.03686,70.03526,70.03366,70.03205,70.03042,70.02878,70.02713,70.02546,70.02378,70.02208,70.02037,70.01864,70.01689,70.01513,70.01334,70.01154,70.00973,70.0079,70.00607,70.00427,70.00253,70.00093,69.99959,69.99872,69.99872
77.97764,77.97528,77.97292,77.970566,77.96821,77.96586,77.96351,77.96116,77.95882,77.95647,77.954124,77.95179,77.94945,77.94711,77.944786,77.94245,77.940125,77.9378,77.93548,77.93316,77.93084,77.92853,77.926216,77.92391,77.92161,77.91931,77.91702,77.914734,77.91246,77.91019,77.90793,77.90568,77.90344,77.90122,77.89901,77.89683,77.89466,77.892525,77.89042,77.88835,77.88633,77.88436,77.882454,77.88063,77.87891,77.87731,77.87587,77.87463,77.87368,77.87312,77.87312
4.8840733,4.8754883,4.8712716,4.8705664,4.872694,4.8771186,4.883411,4.891229,4.9002986,4.910398,4.92135,4.9330115,4.9452667,4.958022,4.9712024,4.9847465,4.9986053,5.0127387,5.0271153,5.0417085,5.0564976,5.071466,5.086601,5.10189,5.1173263,5.1329026,5.148613,5.164454,5.180422,5.196514,5.212729,5.229065,5.2455196,5.2620926,5.2787805,5.2955813,5.31249,5.3295,5.3466005,5.363774,5.380992,5.398212,5.4153643,5.432342,5.448977,5.465006,5.4800196,5.493382,5.5041037,5.510652,5.510652
4.9312735,4.9139605,4.899772,4.888238,4.878966,4.871625,4.865938,4.861669,4.8586183,4.856616,4.8555164,4.855196,4.8555484,4.8564825,4.8579197,4.859793,4.8620443,4.864624,4.867489,4.8706017,4.8739305,4.877447,4.881129,4.8849535,4.8889046,4.8929653,4.897124,4.901367,4.905686,4.9100714,4.914516,4.9190135,4.923558,4.928145,4.93277,4.937429,4.9421196,4.9468384,4.951584,4.956353,4.961145,4.9659576,4.9707894,4.9756384,4.9804997,4.9853616,4.9901915,4.9948983,4.9992228,5.0024285,5.0024285
4.963198,4.9457183,4.9304647,4.9171724,4.905614,4.895589,4.8869247,4.879468,4.8730855,4.8676596,4.8630857,4.8592725,4.856139,4.853613,4.85163,4.8501344,4.8490744,4.8484054,4.848087,4.8480835,4.8483624,4.8488955,4.849657,4.8506236,4.851775,4.8530927,4.8545604,4.856163,4.8578873,4.859721,4.8616543,4.8636765,4.8657794,4.8679557,4.870198,4.8724995,4.8748555,4.8772607,4.87971,4.8822002,4.8847275,4.8872886,4.8898807,4.8925014,4.895149,4.8978214,4.9005127,4.9032016,4.905795,4.907903,4.907903
4.986583,4.969456,4.9540286,4.940134,4.927625,4.916371,4.906254,4.8971696,4.889023,4.8817296,4.8752136,4.8694057,4.8642445,4.8596725,4.8556404,4.852101,4.849012,4.846336,4.844038,4.842087,4.840453,4.839111,4.838036,4.837207,4.8366027,4.836206,4.836,4.8359685,4.836098,4.8363757,4.8367896,4.837329,4.8379836,4.838744,4.839603,4.8405523,4.841584,4.8426933,4.843873,4.8451176,4.846423,4.8477845,4.849198,4.85066,4.852169,4.853724,4.8553247,4.8569703,4.85863,4.8600893,4.8600893
5.053259,5.036947,5.0218525,5.0078826,4.9949517,4.9829817,4.971901,4.961645,4.952154,4.9433727,4.935251,4.9277434,4.920806,4.9143996,4.9084888,4.903039,4.89802,4.893402,4.8891597,4.8852673,4.8817024,4.8784437,4.8754716,4.872767,4.8703136,4.8680944,4.8660955,4.8643026,4.862703,4.8612843,4.860035,4.8589454,4.858005,4.857205,4.856536,4.855991,4.8555617,4.855242,4.855024,4.854902,4.854871,4.8549247,4.8550596,4.855271,4.8555565,4.8559165,4.8563557,4.8568892,4.857538,4.8582597,4.8582597
4.301293,4.3014326,4.30157,4.3017054,4.3018384,4.3019695,4.3020983,4.302225,4.3023496,4.3024716,4.3025913,4.302709,4.302824,4.302937,4.303047,4.3031554,4.303261,4.303364,4.303464,4.3035617,4.303657,4.3037496,4.3038397,4.303927,4.3040113,4.304093,4.304172,4.304248,4.304321,4.3043914,4.3044586,4.304523,4.304584,4.304642,4.3046975,4.3047495,4.304798,4.304844,4.304886,4.304925,4.3049607,4.304993,4.305022,4.3050475,4.3050694,4.3050876,4.3051023,4.3051133,4.305121,4.3051248,4.3051248
4.396016,4.396145,4.396272,4.396398,4.396522,4.396644,4.3967648,4.3968835,4.3970003,4.397115,4.3972282,4.3973393,4.3974485,4.397556,4.3976607,4.3977637,4.3978643,4.397963,4.39806,4.398154,4.398246,4.3983355,4.3984227,4.398507,4.3985896,4.3986692,4.3987465,4.3988214,4.3988934,4.3989625,4.399029,4.3990927,4.399153,4.3992114,4.3992662,4.399318,4.3993673,4.399413,4.3994555,4.399495,4.399531,4.399564,4.3995934,4.399619,4.3996415,4.3996606,4.3996754,4.3996873,4.399695,4.3996987,4.3996987
4.607338,4.607405,4.607473,4.60754,4.6076074,4.6076746,4.6077414,4.607808,4.6078744,4.6079407,4.6080065,4.608072,4.608137,4.608202,4.6082664,4.6083302,4.6083937,4.608456,4.6085186,4.60858,4.608641,4.608701,4.6087604,4.6088185,4.608876,4.6089325,4.6089883,4.6090426,4.6090956,4.6091475,4.609198,4.609247,4.6092944,4.6093407,4.609385,4.6094275,4.609468,4.6095066,4.609543,4.609577,4.609609,4.609638,4.609665,4.609689,4.60971,4.6097283,4.6097426,4.609754,4.6097617,4.609766,4.609766
4.6484284,4.6484437,4.64846,4.6484766,4.648494,4.6485114,4.6485295,4.648548,4.648567,4.6485868,4.6486073,4.6486278,4.6486487,4.64867,4.648692,4.6487145,4.6487374,4.6487603,4.6487837,4.6488075,4.648832,4.648856,4.648881,4.6489058,4.648931,4.6489563,4.648982,4.6490073,4.649033,4.6490583,4.6490836,4.649109,4.6491337,4.6491585,4.649183,4.6492066,4.64923,4.649253,4.649275,4.649296,4.649316,4.6493344,4.649352,4.649368,4.6493826,4.649395,4.6494055,4.6494136,4.6494193,4.6494226,4.6494226
4.707836,4.7078266,4.7078176,4.7078094,4.707802,4.707795,4.707789,4.707783,4.7077785,4.7077746,4.7077713,4.7077684,4.7077665,4.707765,4.7077646,4.7077646,4.7077656,4.707767,4.7077694,4.7077723,4.707776,4.7077804,4.7077856,4.7077913,4.707798,4.7078047,4.707813,4.707821,4.70783,4.7078395,4.7078495,4.70786,4.707871,4.707882,4.707894,4.707906,4.7079177,4.70793,4.7079425,4.707955,4.707967,4.7079787,4.7079897,4.708,4.70801,4.7080193,4.708027,4.708033,4.7080374,4.7080398,4.7080398
1.4700168,1.3345959,1.3966764,1.5238922,1.6121755,1.6864045,1.7557505,1.8220289,1.8854674,1.9459797,2.0034404,2.0577486,2.1088436,2.1567068,2.2013588,2.2428548,2.2812796,2.3167427,2.3493721,2.3793104,2.4067092,2.431726,2.4545197,2.4752488,2.4940686,2.5111296,2.526575,2.5405426,2.5531602,2.564549,2.5748212,2.5840807,2.5924232,2.5999372,2.6067028,2.612794,2.6182773,2.6232138,2.6276584,2.6316602,2.6352637,2.6385083,2.6414282,2.644052,2.6464021,2.6484928,2.6503258,2.651884,2.6531174,2.6539059,2.6539059
2.4841743,2.287864,2.447882,2.622769,2.7510355,2.867332,2.9790275,3.087019,3.1911182,3.2909968,3.386358,3.4769719,3.5626795,3.6433926,3.7190878,3.789801,3.8556192,3.9166744,3.9731336,4.0251923,4.073067,4.1169887,4.157195,4.193929,4.227432,4.2579393,4.2856817,4.3108783,4.3337393,4.3544626,4.3732333,4.3902254,4.4055996,4.4195046,4.4320774,4.4434433,4.453717,4.4630046,4.4714,4.4789896,4.4858503,4.492051,4.4976516,4.5027013,4.507238,4.5112844,4.5148377,4.5178595,4.5202427,4.521741,4.521741
3.6968021,3.4405823,3.5765035,3.7892752,3.9604733,4.1196284,4.2749534,4.4274635,4.576756,4.72217,4.863041,4.998779,5.1288896,5.252989,5.3707967,5.482135,5.5869193,5.68515,5.7769017,5.862312,5.9415708,6.01491,6.0825953,6.1449122,6.2021637,6.254659,6.3027096,6.346623,6.386701,6.423234,6.456501,6.486766,6.5142794,6.5392747,6.56197,6.582569,6.6012583,6.618211,6.633584,6.6475215,6.660154,6.6715965,6.68195,6.691298,6.6997023,6.7071943,6.7137623,6.719322,6.723662,6.7263265,6.7263265
5.1895504,5.1871886,5.1865673,5.1873465,5.189253,5.1920695,5.195622,5.19977,5.2044015,5.2094254,5.21477,5.2203765,5.2261972,5.232195,5.238339,5.244605,5.2509723,5.257426,5.2639523,5.2705417,5.277185,5.2838764,5.29061,5.297381,5.3041863,5.3110237,5.31789,5.3247843,5.3317046,5.3386493,5.3456182,5.3526096,5.359623,5.3666577,5.3737125,5.3807855,5.3878756,5.3949785,5.4020905,5.409204,5.4163074,5.423384,5.430406,5.437331,5.4440923,5.450586,5.4566507,5.4620347,5.466346,5.4689755,5.4689755
4.142056,4.241942,4.433781,4.7116466,5.0412455,5.3680305,5.651257,5.881703,6.0674443,6.218513,6.342428,6.4444823,6.528599,6.597867,6.6548185,6.701564,6.7398715,6.7712226,6.7968535,6.817791,6.834884,6.8488345,6.8602166,6.8695035,6.877081,6.8832645,6.888312,6.8924327,6.895798,6.8985476,6.900795,6.902632,6.9041348,6.9053645,6.9063706,6.907194,6.9078684,6.9084206,6.9088726,6.909242,6.9095445,6.9097915,6.9099927,6.9101553,6.9102864,6.9103904,6.910471,6.9105306,6.910571,6.910592,6.910592
3.7120333,3.4420862,3.5553725,3.7702212,3.9423404,4.1012106,4.255985,4.4078865,4.556557,4.701349,4.841604,4.9767375,5.1062617,5.2297945,5.34706,5.4578834,5.5621815,5.659956,5.751281,5.8362937,5.915185,5.9881864,6.05556,6.1175923,6.174584,6.2268424,6.2746778,6.3183966,6.358298,6.3946714,6.4277945,6.45793,6.485327,6.510217,6.532819,6.553333,6.5719466,6.5888305,6.6041427,6.6180263,6.6306095,6.6420083,6.6523232,6.6616364,6.67001,6.6774755,6.6840215,6.689563,6.693889,6.6965466,6.6965466
3.5543075,3.1840024,3.1305215,3.2190013,3.3048282,3.3892276,3.4733005,3.5571856,3.640885,3.724383,3.8076603,3.8906944,3.973459,4.055922,4.1380444,4.219779,4.30107,4.3818526,4.462051,4.5415816,4.6203523,4.6982646,4.7752156,4.851099,4.925809,4.99924,5.0712905,5.1418653,5.210874,5.278236,5.3438783,5.4077387,5.4697638,5.52991,5.5881457,5.6444464,5.698799,5.7511983,5.801647,5.850156,5.8967385,5.9414144,5.984198,6.0250916,6.0640616,6.1009903,6.13557,6.1670704,6.193814,6.2119293,6.2119293
9.010725,9.046335,9.085699,9.128822,9.175689,9.226262,9.280483,9.338265,9.399494,9.4640255,9.531684,9.60226,9.675513,9.75117,9.828924,9.9084425,9.989363,10.0713005,10.153855,10.236613,10.319156,10.401067,10.481936,10.561373,10.639006,10.714496,10.787535,10.857856,10.925231,10.989477,11.050454,11.108061,11.16224,11.212968,11.260251,11.304128,11.344653,11.381901,11.415957,11.446913,11.474857,11.499879,11.522058,11.541459,11.558134,11.572112,11.583402,11.59198,11.597798,11.600769,11.600769
8.308405,8.236348,8.1671095,8.10116,8.039005,7.9811845,7.9282646,7.8808403,7.8395185,7.8049097,7.7776046,7.7581525,7.7470236,7.7445717,7.7509875,7.7662506,7.790082,7.821914,7.860876,7.9058113,7.955326,8.007875,8.061871,8.115789,8.168286,8.218266,8.264925,8.307755,8.34652,8.381204,8.411957,8.439044,8.462792,8.48356,8.501699,8.517548,8.531409,8.543555,8.554219,8.563599,8.571857,8.579129,8.585522,8.591116,8.595968,8.600116,8.603567,8.606304,8.608269,8.609349,8.609349
8.5850525,8.635636,8.690703,8.750188,8.813985,8.881951,8.953902,9.029605,9.108783,9.19111,9.276211,9.3636675,9.453019,9.543768,9.635386,9.727329,9.8190365,9.909954,9.999538,10.087271,10.17267,10.255301,10.334784,10.410798,10.483091,10.551475,10.6158285,10.676091,10.732262,10.784388,10.832562,10.876911,10.917589,10.954771,10.988644,11.019398,11.047227,11.072321,11.094858,11.115009,11.132928,11.148754,11.162609,11.174597,11.184799,11.193281,11.200083,11.205221,11.20869,11.210455,11.210455
7.9441323,7.879251,7.8192406,7.7647324,7.716386,7.6748776,7.640885,7.6150618,7.5980053,7.590214,7.5920353,7.6036077,7.6247997,7.6551547,7.6938586,7.7397366,7.7912908,7.8467903,7.904392,7.962287,8.018843,8.072712,8.122901,8.168778,8.2100525,8.246711,8.278946,8.307088,8.331543,8.352745,8.371121,8.387072,8.400955,8.413087,8.423737,8.43313,8.441456,8.448866,8.455484,8.4614105,8.46672,8.471472,8.475709,8.479462,8.482745,8.485567,8.487919,8.4897785,8.491103,8.491823,8.491823
54.738934,54.732185,54.726994,54.72314,54.720375,54.718464,54.7172,54.716423,54.715996,54.715805,54.71577,54.71582,54.7159,54.715965,54.71598,54.715923,54.71577,54.71551,54.71513,54.714615,54.71397,54.713184,54.712257,54.71119,54.70998,54.708626,54.707134,54.7055,54.703728,54.701817,54.69977,54.697586,54.695263,54.692802,54.6902,54.687454,54.684563,54.681515,54.678307,54.674927,54.671364,54.66761,54.663654,54.659492,54.655132,54.650604,54.645996,54.6415,54.637497,54.634758,54.634758
88.932556,88.93259,88.93261,88.93264,88.93267,88.93269,88.932724,88.93275,88.93278,88.9328,88.93283,88.93285,88.93288,88.93291,88.93293,88.93295,88.932976,88.933,88.93303,88.93305,88.933075,88.9331,88.93311,88.933136,88.93316,88.93318,88.933205,88.93322,88.93324,88.93326,88.93327,88.9333,88.93331,88.93333,88.933334,88.93335,88.93336,88.933365,88.93337,88.93338,88.93338,88.93337,88.933365,88.93336,88.93334,88.93332,88.9333,88.93327,88.93324,88.93323,88.93323
54.409695,54.405064,54.40028,54.39547,54.390697,54.385994,54.381374,54.37684,54.372395,54.368027,54.36374,54.359516,54.355354,54.35125,54.34719,54.343174,54.339195,54.33525,54.331333,54.327442,54.323578,54.319733,54.315907,54.3121,54.308308,54.304535,54.300777,54.297035,54.29331,54.2896,54.285908,54.282238,54.278587,54.27496,54.27136,54.267788,54.264248,54.26075,54.257298,54.253895,54.25055,54.24728,54.244095,54.241013,54.238056,54.23526,54.232677,54.230392,54.228546,54.22739,54.22739
77.598015,77.596275,77.594536,77.59279,77.59105,77.5893,77.587555,77.58581,77.58406,77.58231,77.58057,77.57881,77.577065,77.57531,77.573555,77.57181,77.57005,77.5683,77.56654,77.56479,77.563034,77.56129,77.55953,77.557785,77.55603,77.55428,77.552536,77.5508,77.54906,77.54732,77.54559,77.54387,77.54215,77.54044,77.53874,77.537056,77.535385,77.53374,77.532104,77.5305,77.52893,77.5274,77.52591,77.52448,77.523125,77.52186,77.52071,77.51972,77.51894,77.51848,77.51848
81.75303,81.75068,81.74833,81.74599,81.74365,81.74132,81.73898,81.73666,81.73434,81.73202,81.7297,81.727394,81.72508,81.722786,81.72048,81.71819,81.715904,81.713615,81.711334,81.70906,81.706795,81.70453,81.70227,81.70002,81.69778,81.69553,81.693306,81.691086,81.68887,81.686676,81.68449,81.68231,81.68015,81.67802,81.675896,81.673805,81.671745,81.669716,81.667725,81.66579,81.6639,81.66209,81.66035,81.6587,81.65717,81.65578,81.65456,81.653534,81.65278,81.65235,81.65235
